word,frequentcy
textese(9),6
know(1),11
as(1),219
texting(9),1
or(1),140
txt(9),1
is(1),353
a(1),648
term(2),12
for(1),238
the(1),1680
abbreviation(6),1
and(1),664
slang(6),1
most(1),75
commonly(9),2
used(2),41
among(1),19
young(1),20
people(1),64
popularity(4),3
of(1),772
largely(4),2
due(3),6
to(1),760
necessary(2),4
brevity(9),1
mobile(3),5
phone(2),2
text(3),1
though(1),10
its(1),52
use(1),54
also(1),66
very(1),18
common(1),14
on(1),151
including(4),11
e-mail(4),2
instant(2),4
there(1),44
are(1),230
no(1),26
standard(2),3
rule(1),6
write(1),18
practice(1),11
single(2),7
number(1),16
represent(3),1
whole(1),10
picture(1),4
symbol(2),5
heart(1),11
letter(1),4
replace(3),8
word(1),17
which(1),72
have(1),258
user(2),6
often(1),36
remove(3),7
vowel(4),1
from(1),109
reader(9),2
force(1),9
interpret(4),4
string(2),1
consonant(4),1
by(1),117
re-adding(9),1
become(1),30
must(1),16
abbreviate(6),2
depend(2),2
context(4),1
in(1),641
it(1),163
many(1),59
example(1),7
phrase(2),2
same(1),20
so(1),33
if(1),32
someone(1),9
say(1),20
they(1),167
probably(9),4
mean(1),7
you(1),49
lot(1),7
not(1),87
laugh(1),3
out(1),49
likely(1),13
my(1),6
emergence(9),1
clearly(9),1
desire(2),1
type(2),13
less(1),13
communicate(3),1
more(1),70
quickly(9),12
than(1),48
one(1),69
can(1),93
manage(3),3
without(2),12
such(1),50
yet(1),8
be(1),421
severely(9),2
criticize(4),3
our(1),18
some(1),58
scholar(3),3
even(1),43
consider(2),12
essentially(9),1
lazy(1),1
they're(9),4
worry(1),5
that(1),240
habit(2),3
gain(2),7
while(1),25
will(1),40
result(2),18
students'(9),5
grow(1),16
ignorance(3),1
proper(3),2
grammar(4),1
do(1),59
trouble(1),2
get(1),31
start(1),21
problem(1),8
learning(4),15
early(1),16
cockroach(2),8
learn(1),10
better(1),12
at(1),96
night(1),8
investigate(3),2
when(1),73
researcher(4),15
vanderbilt(9),1
university(4),12
test(2),4
insect(2),5
odor(5),5
prefer(2),4
smell(1),21
vanilla(6),3
peppermint(9),3
all(1),58
found(3),32
like(1),36
sugar(1),4
but(1),77
salt(1),7
scientist(2),22
train(1),11
reward(4),2
with(1),181
taste(1),5
water(1),12
approach(3),3
these(1),48
move(1),7
toward(1),3
other(1),55
punish(2),2
remember(1),1
new(1),52
association(4),4
up(1),30
forget(1),1
go(1),22
this(1),108
thus(1),8
show(1),36
time(1),26
decide(1),7
effect(2),7
their(1),151
active(2),4
tend(3),6
search(2),4
food(1),18
during(1),22
because(1),21
information(4),5
gather(2),2
useful(1),1
experiment(3),5
provide(2),15
clue(3),2
about(1),48
interaction(4),1
between(1),16
body(1),11
comparison(3),3
sun(1),7
an(1),109
extraordinarily(9),2
powerful(2),3
source(2),8
earth(1),5
receive(1),14
energy(2),10
we(1),30
currently(9),3
heat(1),4
could(9),33
supply(2),6
power(1),12
need(1),30
throughout(2),12
harness(5),3
solar(4),4
satellite(4),1
space(1),8
equip(4),3
large(1),20
panel(4),2
whose(1),6
cell(2),3
transform(4),1
sunlight(9),1
directly(9),4
into(1),38
electric(3),3
cover(1),6
glass(1),5
paint(1),4
black(1),7
inside(1),6
absorb(4),1
much(1),17
begin(1),11
clean(1),2
fossil(4),6
oil(1),5
release(3),6
harmful(3),4
substance(3),2
air(1),4
what's(9),2
fuel(4),1
run(1),24
continue(1),6
reach(1),5
long(1),23
after(1),29
last(1),11
coal(2),1
mine(2),1
well(1),12
sign(2),8
ask(1),12
visitor(2),13
keep(1),19
hand(1),6
off(1),14
art(1),15
everywhere(9),2
louvre(9),1
special(1),8
sculpture(4),1
gallery(4),1
invite(2),5
lover(2),3
allow(1),19
over(1),31
louvre's(9),1
tactile(9),1
target(2),2
blind(2),2
visually(9),1
only(1),38
museum(2),7
where(1),25
touch(1),4
guard(2),3
alarm(2),5
stop(1),6
latest(2),2
exhibit(4),7
collection(3),5
sculpted(9),1
horse(1),3
animal(1),31
reproductions(9),1
famous(2),9
work(1),32
elsewhere(4),1
call(1),18
feature(3),5
king(1),3
emperor(3),1
history(1),7
symbolize(6),1
greatness(9),1
open(1),10
december(1),2
schedule(3),4
three(1),12
guide(1),2
tour(2),7
child(1),11
explore(4),4
blindfolds(9),1
following(2),7
report(1),6
appear(1),12
newspaper(1),10
february(1),3
hundred(1),8
come(1),21
york(9),6
city's(9),1
railroad(1),1
central(2),11
trade(2),3
old(1),15
dollar(1),3
bill(2),3
george(9),3
washington(9),2
presidential(6),4
us(1),11
gold-colored(9),1
coin(2),13
first(1),46
series(5),7
mint(5),2
honor(3),3
former(2),7
issue(5),11
four(1),10
year(1),37
through(2),21
order(1),11
each(1),25
president(2),9
john(9),6
thomas(9),1
jefferson(9),1
jam(1),2
madison(9),1
late(1),13
since(1),25
carve(4),5
edge(1),2
traditional(2),9
different(1),23
head(1),4
president's(9),1
side(1),4
statue(3),2
liberty(3),1
inscriptions(9),1
state(1),17
interest(1),11
fact(1),3
except(1),2
grover(9),1
he(1),97
cleveland(9),1
serve(1),11
two(1),30
nonconsecutive(9),1
now(1),19
gerald(9),1
that's(9),4
cannot(9),11
still(1),17
deceased(9),3
before(1),23
try(1),16
thing(1),10
seemingly(9),2
nonstop(9),1
decline(6),2
france(9),3
push(1),4
forward(2),1
novel(2),7
give(1),34
away(1),7
paper(1),12
readers(9),3
effort(2),3
turn(1),11
them(1),36
regular(2),3
french(9),10
government(2),13
recently(9),3
detail(3),2
plan(1),10
project(2),4
free(1),10
under(1),6
18-(9),1
24-year-olds(9),1
offer(2),13
year-long(9),1
subscription(6),1
readership(9),1
especially(2),6
low(1),7
accord(6),11
percent(4),5
those(1),16
age(1),5
read(1),8
paid-for(9),1
daily(2),12
down(1),11
decade(3),5
media(3),3
editor(3),1
le(9),1
second-largest(9),1
national(2),17
strong(1),8
reservation(4),1
advertise(3),9
steep(3),1
should(9),20
instead(3),6
look(1),13
way(1),21
raise(1),10
profit(3),2
rather(2),7
just(1),18
reinforce(6),1
belief(2),4
bad(1),4
schwartzenberg(9),1
already(1),7
plenty(3),1
option(6),1
website(4),1
city(1),6
bloggers(9),1
program(3),9
might(3),12
hold(1),17
appeal(3),1
few(1),19
who(1),54
promote(3),4
campaign(4),3
aim(2),5
how(1),33
attract(3),7
print(1),2
primary(3),4
channel(3),4
ads(9),5
would(9),29
average(3),4
coffee(1),9
expert(2),2
willing(2),1
pay(1),11
sum(3),2
money(1),9
high-quality(9),1
high-end(9),1
kona(9),1
blue(1),2
cost(1),5
extraordinary(5),2
then(1),20
kopi(9),6
lowak(9),6
world's(9),14
expensive(2),4
sell(1),7
per(2),3
quarter-pound.this(9),1
isn't(9),6
particularly(9),4
approximately(9),2
pound(2),1
constitute(4),1
entire(2),3
world(1),26
what(1),31
surprise(1),5
why(1),12
particular(2),2
it's(9),10
plant(1),6
civet(9),4
waste(1),6
palm(2),5
bean(2),5
aren't(9),1
until(1),8
they've(9),1
digest(4),3
civets(9),3
"tree-dwelling,(9)",1
raccoon-like(9),1
little(1),10
native(3),1
southeast(9),3
asia(9),3
indonesian(9),3
love(1),2
eat(1),10
fruit(1),2
outer(3),2
leave(1),7
undergo(6),2
transformation(6),1
animal's(9),1
chemical(2),7
digestive(9),1
system(3),7
cause(1),13
change(2),15
unique(4),9
explanation(4),1
retrieve(6),1
droppings(9),1
flavor(3),5
another(1),18
possible(1),7
reason(1),6
unfailing(9),2
instinct(4),1
pick(2),5
cherry(3),1
peak(3),1
character(2),7
unlike(9),3
any(1),19
complex(3),2
caramel(9),1
undertones(9),1
earthy(9),1
gamey(9),1
market(1),4
stock(5),2
help(1),29
gunter(9),1
grass(1),4
winner(2),1
nobel(9),6
prize(2),8
his(1),116
talent(2),4
reveal(3),4
variety(3),7
poet(2),1
renowned(6),1
painter(2),1
himself(9),1
creation(4),4
closely(9),2
relate(3),5
personal(2),7
father(1),2
german(9),6
join(1),5
nazi(9),2
party(1),2
war(1),10
mother(1),4
constantly(9),2
suffer(3),6
contradictory(9),1
pole(3),1
guilty(4),2
harm(3),1
torment(5),1
lead(1),16
him(1),12
denounce(6),1
nazis(9),1
political(3),10
activism(9),1
commitment(6),1
peace(2),6
movement(1),4
environmental(3),6
quest(5),1
justice(3),1
win(1),11
praise(2),1
conscience(4),1
spring(1),2
inspire(4),6
trip(1),3
italy(9),1
poem(2),2
watercolor(9),1
brush(2),2
painting(2),3
literature(4),1
major(3),6
form(2),12
sensual(9),1
hard(1),3
abstract(4),2
find(1),26
convey(4),1
express(2),10
create(2),17
simple(1),5
depictions(9),1
object(2),10
fond(3),1
mental(3),1
various(3),15
complexity(6),2
sometimes(1),11
place(1),11
unrelated(9),2
bird(1),14
mushroom(3),2
depict(6),1
wide(1),6
natural(2),6
human(1),25
artifact(6),1
portray(4),5
make(1),56
rich(1),4
literary(4),2
accordingly(6),1
language(2),9
live(1),23
area(1),11
speak(1),6
menu(2),1
customer(2),15
price(1),4
dish(1),6
jane(9),1
fight(1),6
radio(1),4
station(1),2
listen(1),2
arise(4),1
mainly(9),2
baby(1),3
polar(5),2
bear(1),3
being(3),21
study(1),26
every(1),11
carefully(9),5
observe(3),4
catherine(9),1
several(1),11
international(2),10
her(1),37
skill(1),7
superb(6),1
musician(2),2
big(1),16
round(1),4
appreciative(9),1
company(2),11
inspect(3),1
pipeline(6),1
regularly(9),2
ensure(5),3
safety(2),8
drink(1),4
year's(9),3
east(1),4
summit(3),1
meet(1),6
focus(2),5
critical(4),2
global(3),10
fully(9),4
recognize(3),7
mei-ling's(9),1
academic(4),4
lin(9),1
strongly(9),2
admission(4),2
weatherman(9),1
warn(3),7
drastic(6),1
temperature(3),5
next(1),11
suggest(3),16
check(1),3
weather(1),3
basis(2),2
dress(2),2
back(1),13
door(1),3
never(1),12
adventure(3),1
original(3),2
respect(2),1
culture(2),4
romance(4),1
imagination(3),2
surpass(6),1
triumphant(6),1
dvd(4),1
storytellers(9),1
visual(4),5
take(1),31
expense(3),2
verbal(5),1
communication(4),10
rapid(2),2
category(5),1
ground(1),6
increasingly(9),3
graphic(6),6
adult(1),2
worldwide(9),5
educators(9),1
realize(2),4
comic(4),3
may(1),41
white(1),9
multiple(4),2
color(1),5
heartbreaking(9),1
right(1),10
publish(4),6
opportunity(3),3
examine(1),3
today(1),4
serious(2),7
social(2),10
develop(2),13
sense(1),8
student(1),21
introduce(2),3
bully(5),14
mostly(4),5
unresearched(9),1
link(2),6
school(1),6
violence(3),3
increase(2),14
attention(2),7
tragedy(4),2
colorado(9),1
high(1),20
shotgun-wielding(9),1
both(1),10
whom(1),2
identify(4),5
gifted(4),1
kill(1),6
wound(2),1
commit(4),4
analysis(4),2
play(1),10
role(2),6
two-thirds(9),1
campus(3),1
research(4),19
indicate(2),5
chain(3),3
reaction(3),6
victim(3),5
numerous(4),2
dictator(6),1
invaders(9),1
justify(5),1
behavior(4),6
claim(2),9
themselves(9),6
although(2),6
justification(9),1
worst(1),2
indeed(3),2
important(1),13
crowd(2),7
passer-by(9),1
psychologist(4),3
puzzle(2),3
inactivity(9),1
bystanders(9),1
urban(4),5
center(1),15
crime(2),2
occur(2),5
emotional(4),2
sensitivity(5),1
acceptance(4),1
sensitive(3),3
friend(1),4
classmates(9),2
accept(2),3
affect(3),1
handle(2),3
task(2),4
business(2),9
include(2),13
request(3),6
exchange(3),4
approve(3),4
adjustment(4),5
refusal(4),4
message(2),5
negative(2),4
fault(2),2
vendor(6),1
reasonably(9),1
legally(9),1
require(2),7
your(1),25
best(1),5
news(1),2
refuse(2),4
retain(4),4
merchandise(6),2
happen(1),5
feelings(1),4
differently(9),1
vary(3),2
greatly(9),2
group(1),17
facial(4),1
horror(3),1
japanese(9),11
watch(1),5
film(2),5
teacher(1),8
face(1),6
slight(4),2
hint(3),1
thought(1),4
alone(1),3
tap(3),2
secret(2),2
twist(3),1
vivid(3),1
mix(2),2
anguished(9),1
unspoken(9),1
properly(9),1
minimize(6),1
norm(6),1
distress(5),1
presence(2),1
explain(2),7
mask(2),1
upset(3),1
poker(9),1
difficult(1),11
greeks(9),1
truffles(9),6
europe(9),5
delicacies(9),1
command(3),1
actually(9),6
unusual(9),5
close(1),9
root(1),2
specific(3),2
tree(1),2
harvest(3),1
aid(2),1
female(2),7
pig(1),4
truffle(9),4
able(1),7
detect(2),6
mature(3),2
underneath(5),2
surface(2),4
similar(2),8
male(2),5
tendency(4),1
remotely(9),2
edible(6),2
dog(1),1
dig(1),3
wherever(2),1
willingly(9),1
piece(1),5
bread(1),6
pat(2),2
merchant(3),2
see(1),21
fly(1),8
hover(5),1
around(1),30
base(1),4
once(1),14
site(4),3
collect(2),5
subsequent(6),3
enjoy(2),6
wonderful(2),2
describe(2),7
earthly(9),1
uncooked(9),1
specimen(5),2
shortly(3),1
strength(3),4
decrease(4),4
rapidly(9),1
lose(2),8
preserve(4),5
gourmet(9),2
put(1),13
jar(3),1
recommendation(6),1
store(1),5
bland(9),1
topic(2),2
ideal(3),2
medicine(2),2
stressful(9),1
painful(2),1
time-consuming(9),1
experimentation(9),2
bridge(1),11
vast(4),3
gap(3),2
medical(3),10
million(2),15
restrictive(9),1
law(1),6
mouse(1),2
official(2),2
statistics(5),3
america(9),6
american(9),14
authority(4),1
think(1),13
rat(1),2
worth(2),1
count(1),5
laboratory(4),2
true(1),3
figure(2),7
japan(9),4
china(3),4
comprehensive(6),1
data(2),10
reform(4),2
govern(2),1
restrict(3),2
alternative(6),1
tissue(3),1
computer(2),7
share(2),6
freely(9),1
reduce(3),10
scientific(3),6
successful(2),3
fit(2),3
hypothesis(9),1
light(1),16
means(2),8
animals'(9),1
endlessly(9),1
repeat(2),1
fail(2),6
teach(1),5
humanity(4),1
great(1),16
deal(1),5
save(1),8
countless(9),1
europe's(9),1
measures(4),5
eventually(9),8
improve(2),7
spider(2),3
web(3),7
fascinate(5),1
beautiful(1),5
structurally(9),1
orb(9),2
main(2),15
function(2),3
intercept(9),1
enough(1),8
catch(1),11
thread(3),3
withstand(6),3
impact(4),5
heavy(1),4
prey(5),2
wind(1),5
rain(1),5
least(1),5
day(1),11
consist(4),2
frame(4),5
part(1),17
radiate(6),1
enclose(4),1
capture(3),4
spiral(6),2
tension(4),2
anchor(5),2
connect(3),3
surround(3),3
vegetation(5),1
second(1),8
perhaps(1),4
characteristic(4),1
material(2),9
silk(2),2
kind(1),6
composite(9),1
lightweight(9),1
fiber(5),1
tensile(9),1
comparable(6),1
highly(4),11
elastic(4),1
stretch(2),2
almost(1),7
twice(1),4
length(2),1
break(1),4
stiff(3),1
structural(5),1
range(2),7
recent(2),10
doctor(1),6
usually(9),11
phd(9),4
advanced(3),1
degree(2),8
award(3),4
philosophy(4),3
paris(9),1
acquire(4),2
modern(2),14
status(4),2
doctorate(9),1
exist(2),3
originate(6),5
humboldt(9),1
adopt(3),6
canadian(9),1
bachelor's(9),1
privilege(4),2
staff(3),3
education(2),4
expand(4),3
phds(9),5
gear(4),1
graduate(3),3
half(1),7
science(2),6
america's(9),1
annual(4),3
output(5),1
country(1),11
production(4),6
speed(2),4
dramatically(9),1
churned(9),1
far(1),7
outstripped(9),1
produce(2),6
doctoral(9),1
story(1),4
outside(1),3
fare(3),1
five(1),9
slovakia(9),1
czech(9),2
spain(9),3
temporary(3),1
one-third(9),1
austria's(9),1
job(1),3
top(1),5
bright(1),5
groom(4),1
potential(5),8
smart(1),2
stay(1),10
oversupply(9),1
wonder(2),2
whether(1),11
good(1),11
choice(2),2
sympathetic(4),1
cotton(2),1
comfortable(2),3
wear(1),4
hot(1),5
engine(3),1
auto(3),1
day's(9),1
tire(1),2
peter(9),3
walk(1),7
hungry(1),1
team(2),18
member(2),5
perform(3),11
physical(4),2
pianist(4),1
overcome(4),1
planet(2),2
circle(2),1
own(1),13
prevent(3),7
collide(6),1
wang(9),1
contribution(4),2
field(2),8
financial(4),3
earthquake(2),1
too(1),11
small(1),17
wikileaks(9),1
security(3),6
_____.10.i'm(9),1
afraid(1),1
can't(9),4
evidence(4),9
we've(9),2
taiwanese(9),1
puppet(2),5
distinguished(4),3
basically(9),1
complete(2),7
elaborately(9),1
decorate(2),3
performance(3),6
typically(9),5
accompany(4),2
backstage(9),2
music(1),7
direct(1),2
drum(2),2
drummer(9),1
plot(4),2
follow(1),6
rhythm(4),2
conduct(5),4
generally(9),10
associate(4),2
acrobatics(9),1
"window-jumping,(9)",1
stage(2),3
extra(2),2
performer(5),3
chief(1),3
director(2),1
charge(2),5
manipulate(6),3
support(2),8
coordinate(6),2
costume(4),1
care(1),7
relationship(2),4
partner(2),1
master(1),3
son(1),2
succeed(2),2
budaixi(9),2
troupes(9),1
hire(2),1
procession(5),1
festival(2),1
local(2),7
happy(1),5
occasion(3),2
purpose(1),5
worship(5),1
thank(1),1
popular(3),7
folk(3),2
attempt(3),6
design(2),9
advertisement(3),6
purely(9),2
persuasion(4),1
ad(9),1
inform(3),2
consumer(4),12
brand(2),4
buy(1),8
persuasive(4),4
product(3),8
idea(1),14
suppose(3),1
concern(3),5
public(1),12
differ(4),1
commercial(3),3
candidate(4),3
bush(3),2
anyone(2),3
persuade(3),3
citizen(2),1
view(1),8
aside(3),2
oppose(4),2
critic(4),2
clinton's(9),1
health(1),3
influence(2),6
lawmaker(5),1
defeat(4),3
government's(9),3
addition(2),6
organization(2),10
greenpeace(9),1
pollution(4),2
urgency(6),1
protect(2),12
something(1),7
locate(2),1
building(1),17
oslo(9),1
hall(2),1
overlook(4),1
officially(9),1
june(1),4
celebration(4),2
mark(2),5
norway's(9),1
centenary(9),1
independent(2),2
experience(2),9
laureates(9),1
activity(3),6
remarkable(4),3
alfred(9),1
founder(4),3
meeting(2),1
reflection(4),1
conflict(2),1
resolution(4),1
combine(3),3
digital(4),9
interactive(9),1
installation(6),1
state-of-the-art(9),1
welcome(1),2
entertain(4),1
cultural(3),4
finance(4),3
private(2),1
riot(6),2
brussels(9),1
soccer(2),3
match(1),2
fan(1),7
minute(1),2
european(9),7
cup(1),2
british(9),9
compete(3),2
against(1),10
italian(9),3
noisy(1),1
setting(5),1
rocket(3),1
firework(3),1
cheer(3),1
broke(4),2
thin(2),3
wire(2),1
fence(2),1
attack(2),3
exit(3),2
section(2),1
six-foot(9),1
concrete(4),3
wall(1),7
end(1),4
die(1),5
majority(3),3
death(1),7
trample(5),1
underfoot(9),1
crush(4),1
barrier(4),1
tighten(3),1
sport(1),3
competition(4),2
event(2),10
humor(2),10
person(1),8
socially(9),3
double-edged(9),1
forge(9),1
cope(4),3
damage(2),1
self-esteem(9),1
antagonize(9),1
bond(4),3
tell(1),4
joke(1),2
lighten(4),1
perceive(5),3
uncomfortable(9),1
fun(1),1
basic(1),3
deliver(2),5
we're(9),2
together.put-down(9),1
aggressive(4),2
others(9),7
hilarious(9),1
real(1),2
embarrass(4),1
challenge(3),8
put-down(9),1
jokers(9),1
avoid(2),2
hurt(1),1
tease(3),1
toll(6),1
hate-me(9),1
joker(9),1
amusement(4),1
comedian(5),1
belushi(9),1
chris(9),2
success(2),6
dose(3),1
routinely(9),2
offering(6),1
oneself(9),1
humiliate(6),1
erode(6),1
one's(9),4
"self-respect,(9)",1
foster(6),1
depression(4),1
seem(1),7
funny(1),1
necessarily(9),1
indicator(9),1
well-being.(9),1
certain(1),9
interpersonal(9),1
passenger(2),2
sunny(2),7
airline(2),4
captain(2),1
flight(2),2
deeply(9),1
balky(9),1
component(6),3
eliminate(4),4
electrical(3),1
trans-pacific(9),1
despite(4),6
valid(6),1
airlines'(9),3
management(3),1
pressure(3),3
jeopardize(9),1
escort(5),1
threaten(3),3
arrest(2),1
crew(3),6
pilot(3),7
cite(5),1
faulty(9),1
plane(1),2
service(1),6
third(1),3
operate(2),5
hour(1),3
ignore(2),1
pacific(5),2
ocean(1),3
fortunately(9),1
stand(1),4
intimidated.don't(9),1
please(1),3
yourself(9),1
here's(9),1
review(2),1
shock(2),1
mind(1),4
corporate(6),1
airport(1),2
intimidation(9),1
commonplace(5),1
document(5),4
weekly(4),1
deserve(4),1
level(1),7
maximize(9),1
revenue(6),2
employee(3),3
airplane(1),1
regardless(6),2
resist(3),1
compromise(5),2
economic(4),3
fix(2),2
behind(1),9
scene(1),1
quite(1),3
yoga(5),3
angry(1),3
video(2),2
game(1),8
finnish(9),1
developer(9),1
rovio(9),1
primarily(9),1
sketch(4),2
stylized(9),1
wingless(9),1
apple's(9),2
copy(2),4
purchase(5),3
app(9),1
fast-growing(9),1
enemy(2),2
reference(4),2
television(2),4
israeli(9),1
comedy(4),2
nation's(9),1
tv(2),5
satirized(9),1
israeli-palestinian(9),1
negotiation(6),1
clip(3),1
segment(5),1
viewer(5),1
host(2),3
conan(9),1
"o'brien,(9)",1
jon(9),1
daniel(9),1
tosh(9),1
respective(6),1
game's(9),2
notable(5),1
prime(4),1
minister(4),2
david(9),3
cameron(9),1
unite(3),2
ipad(9),1
version(6),3
author(3),6
salman(9),1
believe(1),7
march(1),2
microsoft's(9),1
bing(9),1
nokia(9),2
texas(9),2
downtown(2),1
t-mobile(9),1
real-life(9),2
mock-up(9),1
malaysia(9),1
set(1),9
record(2),15
philosophical(4),4
five-part(9),1
essay(2),1
entitle(5),1
green(1),2
giridhari(9),1
dasar(9),1
utilize(6),1
gameplay(9),1
mechanics(5),1
concept(4),4
method(2),2
minimum(4),2
demolition(9),2
tearing-down(9),1
build(1),19
five-story(9),1
easily(9),5
excavators(9),1
wreck(4),1
bring(1),11
20-story(9),2
explosive(4),4
safely(9),1
demolishing(9),1
huge(1),5
demolish(9),1
blasters(9),5
map(1),1
careful(1),3
ahead(1),2
step(1),2
architectural(9),1
blueprints(9),1
determine(3),3
blaster(9),1
jotting(9),1
note(1),2
structure(3),4
devise(4),1
position(1),2
explode(3),1
column(3),2
lower(2),3
floor(1),3
upper(2),2
blow(1),2
sufficient(3),2
collapse(4),2
load(3),3
easy(1),10
cleanup(9),1
control(2),5
direction(2),3
topple(6),1
towards(1),2
north(1),2
blast(5),2
tumble(3),1
park(1),4
sort(2),8
safe(1),2
alternatively(9),1
hasn't(9),2
larry(9),1
doesn't(9),4
everyone(9),3
immediately(9),2
finish(1),3
matter(1),5
hat(1),1
quit(2),1
halfway(9),2
anything(1),2
limit(2),5
amount(2),4
divers(9),1
missing(3),3
tourist(3),2
attraction(4),3
guest(1),7
relax(3),2
bath(1),1
parents(1),4
child's(9),1
talk(1),9
fundamental(4),2
she(1),23
born(1),5
want(1),10
overnight(9),1
arctic-like(9),1
cold(1),5
ice(1),4
freeze(3),2
unattractive(9),1
prospect(5),2
sleep(1),4
room(1),1
minus(2),1
hotel(2),3
town(1),4
warm(1),8
candle(2),1
bedside(9),1
liquid(2),2
tiny(1),4
droplets(9),2
tip(2),1
nose(1),2
feel(1),8
impossible(9),1
risk(3),6
adventurous(9),1
spirit(2),2
icy(3),1
brief(2),2
normal(3),4
winter(1),3
boot(3),1
outfit(6),1
protection(3),8
arctic(6),2
bag(1),1
eyeglasses(9),1
individual(3),3
escape(3),3
outdoor(3),2
tub(3),1
sure(1),5
sweat(3),1
moisture(3),1
foot(1),6
block(1),2
post-expedition(9),1
pure(3),1
dutch(9),1
colonial(5),1
van(3),7
honest(2),2
exactly(9),4
saint(5),10
nicholas(9),11
baker(9),4
ready(1),2
shop(1),1
woman(1),10
wrap(3),1
dozen(1),5
baker's(9),1
amsterdam(9),4
twelve(1),2
insist(2),1
man(1),4
cooky(1),3
however(2),1
fist(3),1
everything(9),1
wrong(1),1
amsterdam's(9),2
rose(1),2
pie(1),1
sour(1),1
burn(2),7
soon(1),4
notice(1),2
difference(2),4
slip(2),2
poor(1),1
star(1),5
unsold(9),1
pray(2),1
saw(1),4
pull(1),2
gift(1),2
basket(1),1
present(2),5
always(1),13
awake(3),1
suddenly(9),1
fine(1),2
hear(1),9
thirteen(1),1
ever(1),3
spread(2),9
rise(1),6
undersea(9),2
quiet(1),1
zealand(9),1
fish(1),18
noise(1),2
vibrate(5),1
swim(1),3
internal(3),3
gas-filled(9),1
organ(2),1
resonating(9),1
chamber(4),1
scare(1),2
sound(1),14
discovery(3),5
equally(9),4
species(4),8
don't.(9),2
gurnard(9),1
vocal(6),3
repertoire(9),1
constant(3),1
lay(1),1
goldfish(9),3
hop(2),5
strike(2),1
conversation(2),3
pet(1),2
excellent(2),3
don't(9),3
postal(9),3
struggle(2),1
financially(9),1
mail(1),4
decision(2),2
announce(3),1
wednesday(1),1
congressional(9),1
unless(3),2
forbid(4),3
agency(4),3
monday(1),1
expect(2),5
billion(3),5
ten(1),1
loss(2),3
internet(4),6
e-commerce.(9),1
saturday(1),2
delivery(3),2
remain(3),12
profitable(4),1
post(2),3
office(1),3
drop(2),4
postage(3),1
access(4),5
thousand(1),4
long-term(9),2
pop(1),4
artist(2),5
owe(3),1
case(1),6
band(1),2
song(1),1
contribute(4),3
arrangement(2),1
via(5),2
online(9),3
label(3),2
"web-based,(9)",1
social-network-style(9),1
"""crowd-funding""(9)",1
acts.here's(9),1
mmc(9),3
demos(9),1
invest(4),2
act(1),10
process(3),10
possibly(9),1
concert(3),1
split(4),2
investors(9),4
divide(2),2
pocket(4),1
payoff(9),1
over.crowd-funding(9),1
musical(3),3
cash(2),1
goodies(9),1
download(4),2
distribute(4),2
professional(4),4
ceo(9),2
mmc's(9),1
technology(3),8
net(2),2
do-it-yourself(9),1
boom(5),2
diy(9),1
crowd-funding(9),1
social-network(9),1
aspect(4),2
promotional(9),2
tone(1),1
fiction(4),2
tractor(9),2
beam(3),6
tow(3),1
spaceship(5),2
labor(4),2
replicate(9),2
tomas(9),1
microscopic(9),3
manipulation(9),1
technique(3),6
draw(1),3
hit(1),3
along(1),2
years'(9),1
cizmar's(9),1
discover(1),7
radiant(6),1
reverse(5),1
cizmar(9),3
practical(3),2
selective(6),1
particle(5),3
size(1),7
separate(2),5
blood(1),4
bbc(9),1
device(4),6
movie(1),3
trap(2),2
transfer(4),5
scale(3),2
destroy(3),2
massive(5),2
grace(4),1
14-year-old(9),1
pupil(2),3
tablet(3),4
arrive(2),4
amaf(9),3
slum(6),1
kenyan(9),1
blackboard(2),1
handful(3),1
tattered(9),1
swipe(9),1
screen(2),4
multimedia(9),1
kenya's(9),2
start-up.(9),1
firm(2),2
african(9),7
bet(2),1
kenya(9),1
executive(5),1
"m-pesa,(9)",1
hugely(9),2
mobile-money(9),1
growth(2),3
flood(2),1
overwhelm(5),1
underfunded(9),1
poorly(9),1
africa's(9),1
digitally(9),1
amazon(9),1
sale(1),3
kindle(5),2
e-readers(9),1
africa(9),4
tenfold(9),1
past(1),4
intel(9),2
entry-level(9),1
together(1),2
publisher(4),1
telecom(9),1
carrier(4),1
exam-preparation(9),1
tool(1),7
question(1),3
measurably(9),1
e-readers.(9),1
absence(2),2
learned(4),2
english(1),6
tough(4),1
"ultra-marathons,(9)",1
runner(2),4
six(1),12
within(2),5
historical(3),3
spartathlon's(9),2
heritage(6),3
journey(3),1
sparta(9),3
spartans(9),1
invade(4),2
left(1),7
spark(4),1
air-force(9),1
officer(1),1
long-distance(9),1
really(9),2
athens(9),1
foden(9),1
36-hour(9),1
slog(9),1
achievement(3),1
spartathlon(9),2
difficulty(2),3
greek(9),3
plunge(5),1
darkness(9),1
route(4),2
"1,200-meter(9)",1
mountain(1),4
pass(1),8
dead(1),1
above(1),4
relentless(9),1
retracing(9),1
pheidippides's(9),1
footsteps(9),1
grip(5),1
race(1),3
finishers(9),1
laurel(9),1
wreath(5),1
overjoyed(9),1
euphoria(9),1
joint(2),1
muscle(3),2
seize(3),1
sparti(9),1
resemble(4),4
zombie(9),1
participant(5),2
lumber(5),1
slowly(9),2
leg(1),2
itch(4),1
again(1),1
industrial(3),5
supply.john's(9),1
vision(3),1
incident(4),2
everyday(9),1
poverty(3),1
fantasy(4),1
rowling's(9),1
harry(9),2
potter(9),2
aware(3),1
domestic(3),1
violence.helen's(9),1
select(2),3
further(2),2
final(1),1
terrorist(9),1
luggage(3),1
dangerous(2),4
mall(3),1
construct(4),5
harris(9),1
point(1),7
argument(2),3
logic(4),1
model(2),8
funeral(4),2
chinese(9),7
society(2),2
trace(3),1
tang(9),1
dynasty(4),1
(618-907(9),1
mirror(2),1
entertainment(4),3
necessity(3),1
bury(3),3
ash(3),3
resident(5),1
relative(4),1
beloved(5),1
family(1),8
comfortably(9),1
house(1),10
car(1),5
mercedes-benzes.(9),1
package(2),1
couple(2),3
credit(3),2
card(1),1
specialty(6),1
style(3),3
paste(2),1
bamboo(2),1
image(3),2
roof(1),1
choose(2),6
incorporation(9),1
one-style-fits-all(9),1
household(4),2
skin(1),2
tradition(2),3
face-lift.(9),1
eccentric(6),7
odd(3),1
comprehend(5),1
simply(2),2
society's(9),1
disapproval(9),1
possess(4),4
positive(2),1
curiosity(4),2
contentedly(9),1
obsessed(9),1
hobby(2),5
therefore(2),3
carefree(5),1
visit(1),4
eight(1),3
nine(1),1
partly(5),1
innate(9),1
trait(6),2
boost(6),1
body's(9),1
immune(6),1
aunt(1),2
friend's(9),1
brother(1),1
shorts(2),1
formal(2),3
crazy(2),2
strange(1),3
healthy(2),6
life(1),13
history's(9),1
brilliant(3),1
display(2),2
teeth(9),1
maintain(2),6
smile(1),1
won't(9),2
toothbrush(9),5
switch(3),2
dental(6),1
toothbrushes(9),4
harbor(3),1
germ(4),2
mouth(1),1
accumulate(6),2
americans(9),5
recommend(5),2
children's(9),2
month(1),5
rinse(9),1
thoroughly(9),1
toothpaste(9),1
upright(5),1
let(1),2
hide(2),4
herself(9),1
near(1),5
chimpanzee(5),3
elizabeth(9),2
lonsdorf(9),2
camera(1),1
mystery(3),2
flat(2),3
dinner(1),1
chimp(9),2
ingenious(6),1
skilled(2),2
offspring(6),1
here(1),2
wildlife(5),2
across(1),7
clear(1),3
rest(1),2
chimps(9),1
mother-child(9),1
chimpanzees'(9),1
hope(1),3
insight(6),2
development(2),1
ancestor(4),2
understand(1),4
appreciate(3),1
diversity(6),6
home(1),8
brooklyn(9),1
long-span(9),1
suspension(6),3
carry(1),8
motor(3),1
span(6),2
york's(9),1
traffic(2),3
artery(6),1
manhattan(9),2
island(2),4
transportation(4),2
slow(1),4
construction(4),1
river(1),6
discuss(2),2
outbreak(6),1
civil(3),1
deflected(9),1
consideration(3),1
legislature(6),1
incorporating(9),1
augustus(9),1
roebling(9),1
germany(9),1
radical(6),1
list(1),4
police(1),1
emigrate(6),2
propose(2),3
masonry(9),1
tower(2),4
serving(6),1
apparent(3),1
disease(3),8
beyond(2),7
men(9),5
smoke(1),1
factor(3),5
professor(4),3
california(9),4
berkeley(9),1
pool(1),3
hawaii(9),1
northern(2),3
rate(3),3
usual(2),1
cholesterol(6),1
sushi(9),1
hamburger(2),1
tight-knit(9),1
mutually(9),1
supportive(9),1
heart-attack(9),2
fellow(2),1
isolate(4),4
western(2),3
lifestyle(9),1
incidence(9),1
key(1),3
determinant(9),1
bitcoin(9),10
decentralized(9),1
currency(5),2
enable(3),4
payment(1),2
anywhere(2),3
peer-to-peer(9),1
transaction(6),4
collectively(9),1
refund(6),1
establish(4),5
typos(9),1
send(1),6
invalid(9),1
address(1),5
publicly(9),1
permanently(9),1
balance(3),1
identity(3),1
unknown(9),2
unpredictably(9),1
short(1),4
period(2),5
illiquid(9),1
savings(3),1
afford(3),2
providers(9),1
convert(5),2
experimental(4),2
usage(4),1
invention(4),6
future(2),3
predict(4),1
genetically(9),3
modify(5),4
wipe(3),1
genetic(6),3
engineer(3),3
mosquito(2),6
malaria(6),7
parasite(9),3
anopheles(9),1
transmit(6),3
travel(2),5
liver(3),1
reproduce(5),1
red(1),1
estimate(4),4
effective(2),3
bacterium(9),1
toxic(5),3
compound(5),3
incapable(9),1
infect(4),2
competitive(4),1
advantage(3),6
wild(2),5
blockage(9),1
parasites(9),1
generation(4),3
resistant(6),1
approval(4),1
modification(9),2
regarding(4),2
activist(6),1
organism(6),2
knowledge(2),3
ecosystems(9),1
accommodate(6),1
dining(9),1
appropriate(4),2
class(1),2
bother(2),1
button(2),1
well-constructed(9),1
chance(1),2
disaster(4),3
repeatedly(9),2
me(1),1
spicy(4),1
i'd(9),1
principal(2),1
scholarship(3),1
outstanding(4),3
enroll(5),1
diana(9),1
medal(3),1
speech(1),2
theme(4),1
reduction(4),2
villagers(9),1
typhoon(2),1
influenza(9),3
devastating(9),1
crisis(2),1
september(1),2
epidemic(6),3
deadly(6),2
wave(2),3
army(1),1
camp(1),1
fatal(4),1
port(2),1
boston(9),1
shipments(9),1
machinery(4),1
wartime(9),1
sweep(2),1
nation(1),1
military(2),3
virus(4),2
october(1),2
i(1),8
parade(3),1
standpoint(9),1
accelerate(6),1
flu(2),2
destructive(5),1
precede(6),1
today's(9),2
advise(3),2
shot(1),2
lithium-ion(9),7
battery(4),9
suitable(3),2
portable(4),2
electronic(3),1
nearly(2),4
density(6),1
nickel(5),1
cadmium(9),1
overall(5),2
weight(1),3
implication(6),1
cellphone(5),1
item(2),2
worker(1),2
maintenance(5),2
capacity(4),2
previous(3),5
cycle(3),2
re(9),1
maximum(4),1
rechargeable(9),2
valuable(3),5
storage(5),1
fragile(6),1
circuit(5),1
overheat(9),1
pack(2),2
downside(9),1
resistance(4),1
2-3(9),1
unserviceable(9),1
voltage(9),1
manufacturer(4),1
improvement(2),3
enhance(6),1
combination(4),2
certainly(9),1
ernest(9),1
hemingway(9),3
(1899-1961)(9),1
characterize(6),1
simplicity(6),1
career(4),1
journalist(5),2
correspondent(6),1
sea(1),6
finally(9),4
pulitzer(9),1
primitive(4),2
courage(2),2
honesty(3),1
brutal(4),1
confrontation(6),1
straightforward(5),2
prose(6),1
idaho(9),1
extent(4),1
road(1),3
accessible(6),2
athletic(4),3
refer(4),6
pave(3),2
path(2),2
track(2),1
cross(2),2
distance(2),5
marathon(4),2
cater(6),1
amateur(4),1
participate(3),3
club(2),1
current(3),2
world-class(9),1
wheelchair(5),1
involve(4),8
sharp(1),2
rough(3),3
prior(5),3
pair(1),2
community-wide(9),1
highlight(6),2
cure(2),2
breast(3),1
cancer(2),1
puerto(9),1
egg(1),17
jewel(3),1
russian(9),3
metal(2),1
stone(1),10
coat(1),2
precious(3),1
craft(4),1
tsar(9),3
alexander(9),4
empress(9),1
maria(9),2
easter(9),4
celebrate(3),3
wedding(1),1
carl(9),1
maria's(9),1
eye(1),6
morning(1),2
enameled(9),1
delight(4),3
golden(2),2
yolk(3),1
conceal(5),1
hen(2),1
diamond(2),1
miniature(6),1
royal(2),3
crown(3),1
ruby(6),1
appoint(4),2
appointment(4),1
imperial(5),3
requirement(2),1
contain(2),3
pleasant(2),1
craftsmanship(9),1
inventive(9),1
successor(6),1
iii(9),1
ii(9),3
revolution(4),3
synonym(6),1
luxury(4),2
regard(2),5
masterpiece(5),1
jeweler's(9),1
reminder(5),1
sigma(9),10
discipline(4),1
near-perfect(9),1
statistical(5),1
fall(1),5
measure(2),3
systematically(9),2
teamwork(9),1
essential(4),2
element(2),3
leader(1),3
implement(6),3
measurement(2),1
suppliers(9),1
telecommunications(9),1
motorola(9),2
informal(9),1
name(1),12
extend(4),3
general(1),3
jack(5),2
ge(9),1
generate(6),2
three-quarters(9),1
effectively(9),1
industry(2),2
consultancy(9),1
implementation(9),1
methodology(9),1
diverse(6),3
arm(1),3
multi-(9),1
corporation(5),1
quality(2),4
enemies'(9),1
imagine(2),3
bottlenose(9),2
dolphin(2),10
gulf(4),2
whine(5),1
marine(5),4
mammal(5),1
mimic(6),3
whistle(3),3
distinct(4),1
"""they're(9)",1
randall(9),1
florida's(9),1
sarasota(9),1
bay(3),1
captive(6),1
nearby(2),1
briefly(9),1
familiar(3),1
affiliative(9),1
somewhat(3),1
immediate(3),1
defense(4),1
differentiate(6),1
dolphins'(9),1
rarely(9),1
else(1),1
soar(6),1
rock(1),4
uniquely-rippled(9),1
mysterious(4),1
underground(2),2
goreme(9),4
incredible(9),2
ago(1),1
ancient(2),8
volcano(4),1
spewed(9),1
layer(5),3
upon(2),3
thick(2),2
lava(6),1
cappadocia(9),1
century(2),10
magic(2),2
spectacular(6),1
gorge(5),1
dramatic(3),2
formation(4),2
pillar(5),1
height(2),1
amaze(3),1
shape(1),4
tall(1),1
trumpet(2),1
cap(1),2
soft(1),1
whereupon(9),1
cut(1),5
cone(3),1
landforms(9),1
valley(2),1
lunar-like(9),1
byzantine(9),2
christians(9),2
inhabit(6),3
fourth(9),1
cave(2),1
monasteries(9),2
church(1),2
origi(9),1
nal(9),1
village(2),3
romans(9),2
rock-cut(9),1
storerooms(9),1
stuff(3),1
potato(2),1
wait(1),3
intimidate(6),3
whenever(2),1
return(1),4
atmosphere(4),1
couldn't(9),1
content(4),1
book(1),8
technical(3),1
shortage(5),1
abundantgood(9),1
writer(1),3
indirect(9),1
umbrella(2),1
takethe(9),1
shell(2),1
open-air(9),1
ceremony(5),1
tribal(4),1
audience(3),3
breath(3),1
sit(1),4
motionless(9),1
theater(2),1
tragic(4),1
front(1),3
unable(9),1
sick(1),1
sphinx(9),4
giza(9),1
desert(2),2
mythological(9),1
creature(3),8
lion(1),1
monumental(9),1
egyptian(9),1
pyramid(5),1
contact(2),3
restore(4),2
deteriorate(6),1
replacement(3),3
exact(2),1
installed(9),1
apart(3),3
completely(9),2
sand(1),1
movable(2),1
shelter(4),3
retracted(9),1
solution(2),4
mention(3),1
agreeable(4),1
agree(1),3
franchise(9),6
license(4),1
"well-known,(9)",1
company's(9),2
date(1),2
isaac(9),1
franchises(9),2
sew(3),1
machine(1),3
skyrocketed(9),1
restaurant(2),3
define(3),1
unprecedented(9),1
fast-food(9),1
ready-made(9),1
built-in(9),1
formula(4),1
franchisor(9),2
assistance(4),1
well-established(9),1
mcdonald's.(9),2
start-up(9),1
ongoing(9),1
royalty(6),1
mcdonald's(9),2
franchisee(9),2
fee(2),1
equivalent(6),2
renew(3),1
disadvantage(4),1
lack(1),3
territory(3),1
creativity(4),1
irritate(6),1
loud(1),3
offend(4),1
seat(1),1
subway(2),2
unhappy(9),1
invisible(9),1
impose(5),1
unwelcome(9),1
situation(3),3
cop(1),1
strategy(3),1
pretend(3),1
lifeless(9),1
retreat(4),1
equidistant(9),1
supplement(6),1
alan(9),2
turing(9),6
genius(4),1
crack(4),2
supposedly(9),1
uncrackable(9),1
enigma(9),1
code(4),1
code-breaking(9),1
tide(3),1
intelligence(4),1
math(3),3
theoretical(6),1
intelligent(4),1
postwar(9),1
hail(5),2
crucial(6),4
convict(5),2
humiliation(9),1
drive(1),2
suicide(3),1
queen(1),1
grant(5),1
pardon(2),1
petition(9),1
prominent(4),2
brazil(9),1
quincentennial(9),1
columbus'(9),3
voyage(4),1
worl(9),1
columbus-era(9),1
replica(9),1
accurate(3),1
sail(1),2
favorite(2),1
ship(1),6
nina(9),5
sponsor(6),1
goal(2),1
aboard(3),1
school-age(9),1
field-trip(9),1
hands-on(9),1
ballast(9),1
extremely(9),3
tiller(9),1
steer(5),2
jamestown(9),1
board(2),2
re-creations(9),1
settler(4),1
england(9),2
virginia(9),1
susan(9),1
interpreter(5),2
encourage(2),2
interact(4),2
substantiate(9),1
long-held(9),2
engage(3),4
higher-order(9),1
actively(9),1
passive(4),1
bold(3),1
pantherine(9),3
skull(5),1
unearthed(9),1
cat(1),5
widely(9),7
paleontologists(9),1
felid(9),2
fragment(6),1
evolution(6),1
hotly(9),1
complicate(4),1
settle(2),2
deep(1),4
evolutionary(9),2
origin(3),1
previously(9),1
paleontologist(9),1
southern(2),3
remote(3),3
border(3),2
region(2),3
stick(2),3
bone(1),4
deposit(3),1
dna(9),1
convince(4),2
uplifting(9),1
feed(1),2
tibetan(9),1
disperse(6),1
evolve(6),2
cloud(1),1
tiger(1),1
snow(1),1
leopard(2),1
continent(3),1
jaguars(9),1
newly(9),1
panthera(9),1
blythe(9),1
daughter(1),1
los(9),2
cook(1),10
department(2),1
agriculture(3),1
genre's(9),1
fictional(9),1
educate(3),2
homemakers(9),1
economics(4),1
doled(9),1
advice(3),2
recipe(4),2
listeners'(9),1
culinary(9),2
transition(6),1
instruction(3),2
prepare(1),4
broadcast(2),1
middle-class(9),1
mindset(9),1
lean(4),1
convenient(2),1
busy(1),1
poppy(9),1
can-opener(9),1
demonstrate(4),4
sixty(1),1
chef-oriented(9),1
redefined(9),1
genre(9),1
exhibition(3),2
haute(9),1
cuisine(5),2
celebrity(5),3
elite(6),1
aura(9),1
martin(9),2
yan's(9),1
yan(9),1
high-culture(9),1
health-conscious(9),1
chefs'(9),1
personality(3),1
value(2),3
emerge(4),3
satisfy(2),2
"celeb-hungry,(9)",1
reality-crazed(9),1
millennium(9),2
out-of-studio(9),1
chef(5),3
reality(2),1
fame(4),1
rival(5),1
age-old(9),1
emphasis(4),3
fire(1),4
scream(3),10
primal(9),1
response(3),2
conventional(4),1
loudness(9),1
high-pitched(9),1
goose(1),1
bump(3),1
neuroscientist(9),1
luc(9),1
arnal(9),1
bank(1),3
sentence(1),6
fast(1),7
unpleasant.arnal's(9),1
subject(2),5
judge(2),2
neutral(6),1
scary(3),1
correspond(4),1
brain(2),5
respond(3),3
roughness(9),3
fmri(9),2
brain's(9),2
auditory(9),1
ear(1),1
scan(5),2
fear(1),1
amygdala(9),1
regulate(4),1
physiological(9),1
threat(3),1
adrenaline(9),1
react(3),1
prevalent(9),3
artificial(4),2
aggravating(9),1
application(4),2
add(1),6
gas(1),1
efficiently(9),1
terminal(5),1
microscope(4),1
lab(4),4
bacteria(3),3
visible(3),1
naked(2),1
bicycle(1),1
dark(1),2
narrow(2),2
backstreets(9),1
steak(2),1
tourism(3),2
rent(3),1
apartment(2),1
agreement(1),1
am(1),1
week(1),5
tight(3),1
fulfillmentparents(9),1
neglect(4),1
abandonment(9),1
calorie(4),1
pace(4),1
climate(2),7
rowling(9),1
multi-millionaire(9),1
high-tech(9),1
surely(9),1
shareholders(9),1
savory(9),1
hatch(3),1
rural(4),1
farmer(1),6
naturally(9),1
duck(1),1
muddy(4),1
slaked(9),1
survive(2),3
delicacy(9),1
endure(4),1
comfort(3),1
hong(9),1
egg's(9),2
ming(9),1
large-scale(9),1
preservation(4),1
relatively(9),1
vat(9),1
fill(1),2
freshly(9),1
wood(1),1
cool(1),1
chicken(1),3
soak(5),1
seven(1),1
hundred-year(9),1
thousand-year(9),1
snack(2),3
uncommon(9),1
traveler(3),1
exotic(6),1
asian(9),1
snake(1),1
appearance(2),1
orange(1),1
jelly-(9),1
appetizing(9),1
brown(1),1
swampy(9),1
there's(9),1
pungent(9),1
ammonia-like(9),1
contend(5),1
earn(2),3
urine(6),1
curious(2),1
favor(2),1
weary(5),1
china's(9),1
fermented(9),3
humble(2),1
nostalgic(9),1
bite(1),1
starfish(9),1
snail(2),1
regrow(9),2
can't.(9),1
nor(1),3
limb(3),2
line(1),1
regeneration(9),2
lizard(5),1
capable(3),2
regrowing(9),1
itself(9),1
unidirectional(9),1
bidirectional(9),1
functional(4),1
hydras(9),1
hydra(9),1
you'll(9),2
equal(1),1
planarian(9),1
phenomenon(4),2
achieve(3),2
populate(6),2
fashion(3),11
yves(9),1
israel(9),1
super-skinny(9),1
catwalks(9),1
criminalize(9),1
excessively(9),1
skinny(2),1
violate(4),1
jail(3),1
glorification(9),1
dangerously(9),1
certificate(5),1
prove(1),4
mass-to-height(9),1
women's(9),1
statement(1),1
inanimate(9),1
organism's(9),1
ability(2),4
infinite(5),1
none(2),1
protein(4),4
nutrient(6),1
enzymes(9),2
either(1),4
launch(4),1
reactants(9),1
usable(9),1
sustenance(9),1
sir(1),1
archibald(9),1
garrod(9),1
attribute(9),1
enzyme(9),2
error(2),2
newborns(9),1
defect(6),1
pku(9),1
contemporary(5),3
zaha(9),1
iraqi-born(9),1
significant(3),3
intellectual(4),1
toughness(9),1
artistic(4),2
page(1),2
architecture(5),4
journal(3),2
dismiss(4),1
impractical(9),1
male-dominated(9),1
didn't(9),2
cincinnati's(9),1
commission(5),1
opera(4),1
hadid(9),1
prestigious(9),1
pritzker(9),1
stirling(9),1
2011.hadid's(9),1
sumer(9),1
beauty(1),1
somehow(3),1
flow(2),2
i'm(9),1
"way.""nature's(9)",1
recurrent(9),1
inspiration(4),1
hadid's(9),1
dare(3),1
visionary(9),2
consistently(9),1
boundary(5),1
pursuit(4),2
aesthetic(9),1
todd(9),1
retire(4),1
wooden(2),1
container(4),1
deck(3),1
dollhouse-size(9),1
schoolhouse(9),1
lawn(3),1
community(4),4
library(2),12
commemorate(6),1
bol's(9),1
prototype(9),1
birth(1),1
nonprofit(9),1
seek(3),2
box(1),2
neighborhood(3),2
neighbor(2),5
register(4),2
lfl(9),2
owner(2),3
wine(1),1
stair(1),1
assign(4),1
lfl's(9),1
index(5),1
location(4),1
gps(9),1
incline(6),1
sidewalk(2),1
librarian(3),1
bol(9),1
proud(2),1
"""it's(9)",1
broad(2),2
suspect(3),1
robert(9),2
forensic(9),3
linguistics(9),3
hofstra(9),1
linguistic(9),6
trial(2),1
rely(3),3
heavily(9),2
leonard(9),2
spray(3),1
sample(2),2
bore(3),1
similarity(3),2
coleman's(9),1
coleman(9),1
resort(5),2
criminal(3),2
prominence(9),1
colleague(5),2
fitzgerald(9),4
bomb(2),1
college(3),2
urge(4),1
publication(4),2
unabomber's(9),1
lengthy(6),1
declaration(5),1
criminal's(9),1
fbi(9),1
analyze(4),1
ted(9),2
solitary(5),1
kaczynski(9),2
extensive(5),2
parallel(5),1
frequently(9),1
bomber's(9),2
bomber(9),1
preference(5),1
roughly(4),1
calculate(4),1
suspect's(9),1
kaczynski's(9),1
cabin(3),1
prison(2),5
intuitively(9),1
forensic-(9),1
legal(2),1
composition(4),1
freedom(2),1
anthem(5),4
sing(1),1
country's(9),2
identity.holland's(9),1
16th-century(9),1
hymn(5),4
u.k.'s(9),1
popularized(9),2
nationalism(6),1
prayer(3),1
deity(9),1
notably(9),1
martial(5),1
monarchic(9),1
europeans(9),2
colony(3),1
imitate(4),1
instruments.japan's(9),1
bandmaster(9),1
william(9),1
lyric(6),1
heian(9),1
era(4),1
fenton(9),1
committee(3),6
melody(2),1
court(2),2
compose(4),2
fenton's(9),1
alter(5),1
franz(9),1
eckert(9),1
composer(4),1
michael(9),1
bristow(9),1
minor(3),1
south(1),1
elaborate(5),2
orchestral(9),1
19th-century(9),1
burma(9),1
sri(9),1
lanka(9),1
indigenous(9),2
descriptive(5),1
martha(9),1
roommate(9),1
quarrel(3),1
delicious(2),1
lick(2),1
lip(1),1
intense(4),2
boxer(5),1
punch(3),1
knock(2),1
bench(2),1
wet(2),1
milk(1),1
processor(9),1
alice(9),1
routine(3),1
pi(9),1
ang(9),1
lee(9),1
oscar(9),1
mixture(3),1
aquaculture(9),4
farm(1),3
aquatic(9),1
importance(2),2
possibility(2),1
civilization(4),3
australia(9),1
eel(5),2
abundant(5),1
volcanic(9),1
floodplains(9),1
lake(1),1
condah(9),1
subsided(9),1
brood(5),1
nymphs(9),1
silkworm(5),1
adore(5),1
oyster(5),1
crustaceans(9),1
shrimp(2),1
lagoons(9),1
alive(2),1
wealthy(3),1
well-to-do(9),2
wish(1),1
roman(9),5
christian(9),1
middle(1),1
seacoasts(9),1
feudal(9),1
monastic(9),1
aristocracy(9),1
freshwater(9),1
monopoly(6),1
course(1),2
seldom(3),1
pond(1),1
illegal(9),2
well-off(9),1
fresh(1),1
debate(2),2
socio-political(9),1
tie(1),1
18th-century(9),1
spend(1),3
wage(3),1
grain(3),1
crop(2),5
population(2),4
theft(6),1
prostitution(9),1
peasants'(9),1
resentment(5),1
gabelle(9),2
tax(3),2
consumption(6),2
apply(2),3
nobility(9),1
unequal(9),1
distribution(4),1
provoke(6),1
widespread(5),1
skyrocketing(9),1
versailles(9),1
indifferent(5),1
escalate(6),1
desperate(4),1
blame(3),1
famine(6),1
anger(1),1
culminating(9),1
storm(2),1
medieval(6),2
fortress(9),1
eventual(4),1
beheading(9),1
louis(9),1
xvi(9),1
marie(9),1
calm(2),1
unsettling(9),1
revolutionary(4),1
napoleonic(9),1
(1789-1815)(9),1
catchphrase(9),1
english-speaking(9),1
accumulation(6),1
socio-economic(9),1
inferiority(9),1
strip(3),5
cartoonist(9),1
arthur(9),1
adapt(4),1
title(2),1
strip's(9),1
merely(9),1
confirm(2),1
spot(2),7
condition(3),4
pretty(1),1
isn't.(9),1
calcium(6),1
zinc(5),1
mild(4),2
moderate(4),1
trauma(6),1
injure(3),2
nail(2),4
injury(3),2
infection(4),1
whatever(2),2
treatment(2),2
leukonychia(9),1
cardiac(9),1
kidney(3),1
southwestern(9),1
baron(9),1
karl(9),1
drais(9),2
creative(3),1
inventor(3),1
baron's(9),1
meat(1),4
piano(1),1
four-wheeled(9),1
human-powered(9),1
draisine(9),1
propel(6),1
riders(9),1
bike(1),1
drais'(9),4
bang(3),1
bicycle's(9),1
vehicle(3),2
wheel(2),2
democratic(3),2
muscle-powered(9),1
consume(4),1
rid(3),2
undertake(6),1
ride(1),2
kilometer(3),2
sensation(5),1
fad(5),1
"short-lived,(9)",1
cranks(9),1
frequent(3),1
collision(6),1
unsuspecting(9),1
ban(5),3
disappear(2),1
frenchmen(9),1
pierre(9),2
lallement(9),1
michaux(9),1
pedal(4),1
radar(3),1
flicker(6),2
lamp(1),1
induce(5),1
"li-fi,(9)",1
li-fi(9),10
edinburgh(9),1
harald(9),1
haas(9),1
wireless(9),2
light-emitting(9),1
diodes(9),1
illuminate(6),1
network(3),1
wi-(9),1
fi(9),1
penetrate(5),1
wi-fi.(9),1
transparent(5),1
window(1),1
signal(3),1
hack(6),1
electromagnetic(9),1
aircraft(2),1
nuclear(4),1
interfere(4),1
gigabits(9),1
wi-fi(9),1
enrich(6),1
li-fi-enabled(9),1
street(1),2
bulb(3),2
driver(1),2
you've(9),1
transmitters(9),1
beetle(2),6
habitat(6),1
ecology(6),2
january(1),2
dive(3),1
ecologist(9),1
michelle(9),2
tseng(9),2
comb(2),1
article(4),1
shrink(3),3
pattern(2),1
university's(9),1
"600,000-(9)",1
bug(1),1
locally(9),1
photograph(2),1
trend(3),1
rainfall(4),2
besides(2),1
snail-killer(9),1
unaffected(9),1
slightly(9),1
ecologists(9),1
cautious(5),1
tseng's(9),1
actual(3),2
uk(9),1
biologist(9),1
ronan(9),1
baudron's(9),1
shrinkage(9),2
account(3),2
concentration(4),1
oxygen(4),2
neither(2),3
svalbard(9),3
seed(1),5
beneath(3),1
norway(9),1
vault(9),3
gene(4),1
breed(4),2
opinion(2),1
faith(3),1
secure(5),1
pest(3),1
additional(3),1
perfect(2),1
dynamic(4),1
dispute(4),2
fund(3),1
suck(3),1
available(3),1
centralized(9),1
fifty(1),1
institutional(9),1
marginal(5),1
argue(2),1
quarrelsome(6),1
gorilla(5),1
fearful(2),1
truth(2),1
shy(1),1
ape(1),1
nine-to-five(9),1
sally(9),1
lunch(1),1
admit(3),1
mistake(1),1
webpages(9),1
reservoir(6),1
teachers'(9),2
confucius(2),1
fighter(2),2
cry(1),1
hero(2),1
bank's(9),1
forecast(4),1
getty(9),3
0.75-mile-long(9),1
tramway(9),1
pavilions(9),1
eleven-building(9),1
originally(9),2
belong(1),1
tycoon(9),1
paul(9),2
arena(5),2
ever-changing(9),1
center's(9),1
award-winning(9),1
richard(9),1
meier(9),1
billion-dollar(9),1
excite(2),1
corner(2),1
enchant(9),1
fountain(3),1
landscape(4),1
import(3),1
historic(3),1
expose(4),1
delicate(4),1
treasure(2),1
scatter(3),1
fantastic(4),1
arrival(3),1
plaza(9),1
tram(9),1
on-site(9),1
exploration(6),1
meier's(9),1
attend(2),1
mathematics(3),1
canon(9),1
copernicus(9),5
administrative(6),2
cathedral(5),1
spare(4),1
observation(4),3
situated(9),2
protective(3),1
de(9),2
humankind's(9),1
wasn't(9),1
stir(3),1
assert(6),1
rotate(6),1
axis(9),1
religious(3),2
revolve(5),1
copernicus'(9),1
theory(3),1
god(1),1
heaven(3),1
overturn(6),1
core(6),1
catholic(9),2
luther(9),1
voice(1),1
opposition(6),1
sun-centered(9),1
fool(2),1
astronomy(5),1
upside(9),1
dedicate(6),2
pope(9),1
church's(9),1
ultimately(9),1
witness(4),1
tremendous(4),1
demand(4),1
african-inspired(9),1
designer(3),3
tiffany(9),1
best-known(9),1
master's(9),1
fate(3),1
passion(3),1
design.folake's(9),1
tasteful(9),1
colorful(2),2
showcase(9),1
mercedes(9),1
consecutive(9),1
forbes(9),1
circulation(4),1
stream(2),1
high-resolution(9),1
unaware(9),1
cable(2),7
cheap(2),2
intercontinental(9),1
submarine(4),3
mile(1),4
transcontinental(9),1
ireland(9),1
telegraph(4),1
highest-capacity(9),1
"5,600-mile(9)",1
suitably(9),1
oregon(9),1
coral(5),1
sink(2),3
fiber-optic(9),1
tube(2),1
steel(2),1
tempeh(9),8
soy(2),1
kimchi(9),1
korea(9),1
miso(9),1
indonesia(9),1
tofu(2),1
discard(5),1
soybean(2),1
residue(9),2
microbial(9),1
spores(9),1
whitish(9),1
fungi(9),1
variation(6),1
texture(6),1
plant-based(9),1
vitamin(3),1
polyphenols(9),1
vegetarian(4),2
vegan(9),1
quick(1),1
nutritional(9),1
preparation(3),1
deep-fried(9),1
blend(4),1
smoothies(9),1
tempeh-substituted(9),1
blts(9),1
tomato(2),1
san(9),1
francisco(9),1
burger(2),1
patties(9),1
fabric(5),1
batik(9),1
unesco(9),1
spiegel(9),4
three-hour(9),1
shoulder(1),1
surgery(4),1
pain(2),4
medication(6),2
hypnotized(9),2
hypnosis(9),3
misunderstand(4),1
sleep-like(9),1
tune(3),1
stimulus(6),1
intently(9),1
exclusion(9),1
trance-like(9),1
ease(1),1
trust(2),1
compare(2),1
hypnotizable(9),2
recall(4),1
session(6),1
self-consciousness.(9),1
"self-hypnosis,(9)",1
speaker(2),6
odor-sources(9),1
metaphor(6),1
description(3),1
hunter-gatherers(9),1
fifteen(1),1
applicable(6),1
sensory(9),1
hunter-gatherer(9),1
translate(4),1
nose's(9),1
discriminate(5),2
trillion(9),1
scent(5),1
surroundings(4),2
rolemaniq(9),1
jahai(9),1
tropical(3),1
rainforest(9),2
hunting-gathering(9),1
ethnic(6),2
evaluate(4),2
environment(2),3
untouched(9),1
spoil(3),1
pose(2),1
maniq(9),1
post-industrial(9),1
west(1),2
paragraph(4),1
zone(3),1
distinguish(4),1
uncivilized(9),1
okapi(9),10
equator(9),1
biodiverse(9),1
"half-zebra,(9)",1
"half-giraffe,(9)",1
mixed-breed(9),1
republic(3),1
congo(9),2
giant(2),1
panda(2),1
kangaroo(3),1
"',(9)",1
flexible(4),1
throat(2),1
greyish(9),1
chocolate(2),1
reddish(9),1
contrast(4),1
horizontal(5),1
ring(1),1
external(5),1
deer(1),1
sex(3),1
horn(3),2
whiff(9),1
welsh(9),1
henry(9),1
morton(9),1
stanley(9),1
explorers(9),1
fleet(6),1
backside(9),1
flee(4),1
speculation(9),1
skeleton(5),1
naturalist(6),1
giraffe(2),1
reserve(3),1
eastern(2),1
rare(2),1
turbulence(9),1
congo's(9),1
resource(3),1
spin(3),1
tremendously(9),1
johnsons'(9),1
feedback(6),2
accident(3),1
tremble(3),1
admiration(4),1
magnificent(4),1
chen(9),1
athlete(3),1
roll(2),2
sleeve(3),1
weight-lifting.(9),1
meadow(3),1
foreign(1),1
mad(1),1
wild-eyed(9),1
full(1),1
equipment(4),1
bubble(3),1
stroud(9),7
prisoner(2),2
rear(5),1
ornithologist(9),1
leavenworth(9),2
notorious(6),1
first-degree(9),1
murder(3),1
hang(2),1
desperately(9),1
plead(5),1
woodrow(9),1
wilson(9),1
imprisonment(6),1
stroud's(9),1
unpredictable(9),1
violent(3),2
warden(9),1
unit(1),1
total(1),1
keen(4),1
sparrow(4),1
felt(9),1
productive(4),1
canaries(9),1
remedy(4),1
benefit(3),1
canary(9),1
seventeen(1),1
gladiators(9),8
combatants(9),2
weapon(2),1
till(1),1
rome's(9),1
sight(1),2
gladiator(9),3
tennis(2),1
recruit(6),1
slave(3),1
land(1),1
historian(3),1
latin(9),1
graveyard(9),1
typical(3),1
dairy(3),1
diet(3),3
plant-heavy(9),1
fortify(6),1
exertion(9),1
unconventional(9),1
taiwan(9),1
enact(6),1
consumers'(9),1
supervisor(5),1
coordinator(9),1
well-being(9),1
advocate(6),1
fair(2),1
reasonable(3),1
goods(4),1
organize(2),1
educational(3),1
assist(3),1
emphasize(3),1
conform(6),1
collaborates(9),1
cross-border(9),1
regulatory(9),1
luck(2),1
serendipity(9),1
fleming(9),1
antibiotic(6),1
untidy(9),1
disorder(4),1
pile(2),1
petri(9),1
unattended(9),1
contaminate(5),2
ruin(4),1
toss(3),1
accidental(4),1
drug(2),1
unforeseen(9),1
exclude(5),1
solid(3),3
drainage(9),2
rainwater(9),1
drain(3),1
wastewater(9),5
manufacture(4),1
efficient(3),1
sewage(9),5
mid-19th(9),1
treat(2),3
biological(6),1
tank(2),3
bottom(1),1
grease(5),1
float(3),1
organic(4),2
eggshells(9),1
enter(1),1
secondary(3),1
filter(5),2
chlorine(9),2
discharge(6),1
planet's(9),1
ocean's(9),1
mariana(9),3
lie(1),1
below(1),2
nature(1),1
depth(2),1
hard-shelled(9),1
robotic(9),1
pollute(3),2
toxin(9),1
meaning(2),1
pcbs(9),2
outlaw(6),1
pbdes(9),1
electronics(4),1
couch(3),1
mistakenly(9),1
lurking(9),1
fat(1),1
pop-riddled(9),1
deep-sea(9),1
trench(5),1
pollutant(6),1
prohibit(6),1
zealand's(9),1
rugby(9),2
"kick-off,(9)",1
warlike(9),1
stamp(2),1
slap(5),1
flick(5),1
gesture(3),1
intend(4),1
heighten(5),1
morale(6),1
pre-match(9),1
ritual(6),1
famed(9),1
haka(9),8
dance(1),2
traditionally(9),2
warrior(5),2
battlefield(9),1
en(9),1
chant(5),1
emotion(2),1
women-only(9),1
ka(9),1
mate(2),1
kapa(9),1
o(9),1
outsmarted(9),1
latter(3),1
specifically(9),1
interchangeably(9),1
ceremonial(9),1
zealanders(9),2
alike(2),1
recognizable(9),1
obama(9),1
usa(9),1
bush-era(9),1
decision-making(9),1
big-picture(9),1
assessment(6),6
standardized(9),2
k-12(9),2
rethinking(9),1
one-size-fits-all(9),1
student-centered(9),2
time-consuming.(9),1
solve(2),1
adaptive(9),1
automatically(9),1
adjust(4),1
student's(9),3
mechanism(6),1
obviously(9),1
assess(6),2
multi-subject(9),1
incorporate(9),1
senior(4),1
end-of-year(9),1
summative(9),1
virtually(9),1
lend(2),1
lucky(1),1
mvp(9),1
joan(9),1
basketball(1),1
player(1),1
soldier(2),1
wise(2),1
needy(4),1
elderly(3),1
danger(1),1
well-trained(9),1
