"的","22684","10"
"之","5808","10"
"一","5691","10"
"是","5371","10"
"在","5315","10"
"有","4717","10"
"了","3123","10"
"也","3000","10"
"與","2892","10"
"以","2734","10"
"人","2585","10"
"而","2539","10"
"爲","2416","9"
"於","2389","10"
"其","2375","10"
"不","2185","10"
"這","2161","10"
"上","1872","10"
"年","1815","10"
"就","1792","10"
"中","1784","10"
"他","1689","10"
"個","1683","10"
"時","1578","10"
"等","1505","10"
"所","1500","10"
"此","1492","10"
"來","1421","10"
"丶","1419","8"
"者","1394","10"
"後","1371","10"
"和","1364","10"
"及","1235","10"
"又","1227","10"
"都","1147","10"
"三","1056","10"
"大","1043","10"
"至","1034","10"
"對","1033","10"
"由","983","10"
"並","965","10"
"則","950","10"
"各","935","10"
"地","920","10"
"下","908","10"
"可","908","10"
"要","890","10"
"因","884","10"
"兩","877","10"
"或","868","10"
"能","867","10"
"即","852","10"
"種","837","10"
"已","826","10"
"被","814","10"
"將","809","10"
"二","797","10"
"多","770","10"
"説","770","9"
"但","756","10"
"到","729","10"
"才","724","10"
"著","719","10"
"前","698","10"
"無","697","10"
"自","696","10"
"亦","688","10"
"更","682","10"
"間","658","10"
"從","657","10"
"會","657","10"
"再","625","10"
"最","625","10"
"我","615","10"
"為","557","10"
"曾","554","10"
"四","550","10"
"清","549","10"
"用","545","10"
"如","538","10"
"得","518","10"
"卻","509","10"
"做","505","10"
"今","496","10"
"五","470","10"
"乃","467","10"
"內","466","10"
"很","462","10"
"見","459","10"
"外","454","10"
"使","453","10"
"成","452","10"
"每","452","10"
"去","447","10"
"明","445","10"
"次","439","10"
"作","437","10"
"該","436","10"
"均","426","10"
"還","425","10"
"小","424","10"
"稱","422","10"
"另","421","10"
"位","414","10"
"天","413","10"
"那","403","10"
"海","401","10"
"且","396","10"
"過","392","10"
"本","389","10"
"應","386","10"
"故","384","10"
"設","383","10"
"家","381","10"
"未","379","10"
"同","369","10"
"全","368","10"
"向","365","10"
"事","363","10"
"台","356","10"
"仍","345","10"
"曰","339","10"
"初","331","10"
"把","330","10"
"據","326","10"
"名","324","10"
"只","323","10"
"座","320","10"
"建","319","10"
"語","315","6"
"新","312","10"
"歲","312","9"
"島","310","10"
"處","309","10"
"雖","303","10"
"當","301","10"
"係","296","10"
"日","296","10"
"皆","292","10"
"金","280","10"
"約","276","10"
"閩","271","10"
"說","270","5"
"它","269","10"
"較","268","10"
"村","263","10"
"知","263","10"
"元","260","10"
"吃","259","10"
"常","257","10"
"屬","255","10"
"起","253","10"
"字","252","10"
"出","251","10"
"幾","250","10"
"好","244","10"
"没","240","8"
"若","240","10"
"尚","233","9"
"看","233","10"
"高","233","10"
"姓","232","10"
"門","231","10"
"先","228","10"
"始","227","10"
"六","225","10"
"南","223","10"
"末","223","10"
"任","222","9"
"開","220","10"
"像","219","10"
"十","219","10"
"正","219","10"
"代","212","10"
"廟","212","10"
"令","210","10"
"受","210","10"
"尊","210","8"
"居","209","10"
"經","205","10"
"行","204","10"
"某","200","10"
"八","197","10"
"必","196","10"
"生","196","10"
"塊","191","10"
"死","190","8"
"縣","189","10"
"遂","189","10"
"便","188","10"
"僅","187","10"
"註","186","6"
"分","182","10"
"水","182","10"
"項","181","10"
"你","180","7"
"宋","176","10"
"給","176","10"
"諸","176","9"
"遷","175","10"
"國","174","10"
"難","174","10"
"七","172","10"
"子","172","10"
"具","170","10"
"讓","170","10"
"非","169","10"
"文","168","8"
"百","166","10"
"世","165","10"
"共","165","10"
"整","165","10"
"裡","164","10"
"山","163","10"
"除","162","10"
"戶","161","10"
"言","159","10"
"澎","157","10"
"她","156","10"
"邊","156","10"
"欲","155","10"
"心","154","10"
"按","154","9"
"詩","152","8"
"長","152","10"
"迄","148","10"
"圖","147","9"
"載","147","8"
"依","146","10"
"回","146","10"
"書","145","10"
"請","145","10"
"連","142","10"
"馬","141","10"
"矣","140","8"
"鄉","140","10"
"原","139","10"
"數","137","10"
"發","136","10"
"久","133","10"
"半","133","10"
"派","133","9"
"甚","132","10"
"頗","132","9"
"千","131","10"
"傳","130","10"
"致","130","10"
"敢","128","7"
"月","128","10"
"極","128","10"
"段","128","10"
"風","128","10"
"早","127","10"
"獲","127","8"
"近","127","10"
"往","125","10"
"隨","124","10"
"墓","120","9"
"船","120","8"
"首","120","10"
"九","119","10"
"身","119","10"
"張","118","10"
"入","117","10"
"叫","117","9"
"相","117","10"
"赴","117","10"
"北","116","8"
"口","116","10"
"指","116","10"
"老","116","10"
"復","115","8"
"東","115","10"
"神","114","9"
"想","113","10"
"期","113","9"
"兼","112","10"
"吾","112","10"
"唐","112","10"
"竟","112","10"
"進","112","10"
"條","111","10"
"深","110","9"
"遭","110","9"
"須","110","8"
"古","109","9"
"城","109","10"
"比","109","9"
"真","108","10"
"錢","108","10"
"陳","108","10"
"道","106","9"
"音","106","10"
"唯","105","7"
"坐","105","10"
"立","105","10"
"遠","105","10"
"旁","104","10"
"問","103","9"
"意","103","9"
"些","102","10"
"少","102","10"
"舊","102","10"
"頁","102","10"
"魚","101","8"
"跟","100","7"
"供","99","10"
"方","99","10"
"艘","99","7"
"惟","98","10"
"浯","98","10"
"焉","98","10"
"話","98","10"
"謂","98","9"
"隻","98","8"
"勸","97","4"
"們","96","10"
"既","95","9"
"現","95","9"
"打","94","9"
"朝","94","10"
"學","93","7"
"際","93","10"
"美","92","10"
"支","91","9"
"路","91","10"
"寫","90","10"
"西","90","10"
"王","89","8"
"走","89","9"
"達","89","9"
"住","88","9"
"誰","88","10"
"句","87","10"
"李","87","10"
"考","87","9"
"求","85","9"
"族","84","10"
"篇","84","6"
"官","83","7"
"手","83","10"
"頭","83","10"
"何","81","9"
"歸","81","9"
"節","80","8"
"講","80","7"
"醮","80","2"
"靠","80","9"
"份","79","10"
"易","79","9"
"聽","79","7"
"願","79","9"
"林","78","10"
"太","77","9"
"守","77","10"
"民","77","8"
"片","77","10"
"盡","77","10"
"省","77","10"
"蔡","77","10"
"衆","77","10"
"許","77","10"
"越","77","10"
"部","77","10"
"予","76","10"
"件","76","9"
"凡","76","10"
"吧","76","10"
"呢","76","9"
"度","76","10"
"愛","76","10"
"房","76","8"
"湖","76","8"
"底","75","10"
"找","75","8"
"葬","75","7"
"取","74","10"
"快","74","10"
"放","73","10"
"賊","73","5"
"類","73","10"
"左","72","10"
"收","72","10"
"棟","72","8"
"舉","72","10"
"賜","72","8"
"點","72","10"
"根","71","8"
"渡","71","10"
"號","71","10"
"情","70","8"
"愈","70","7"
"番","70","10"
"軍","70","7"
"占","69","10"
"右","69","10"
"待","69","9"
"終","69","9"
"變","67","10"
"層","66","10"
"改","66","10"
"毀","66","10"
"蓋","66","9"
"俗","65","6"
"父","65","6"
"雞","65","7"
"場","64","8"
"存","64","9"
"帶","64","10"
"江","64","10"
"置","64","10"
"聞","64","9"
"鎮","64","9"
"拜","63","9"
"漸","63","9"
"盛","63","10"
"石","63","9"
"境","62","7"
"築","62","10"
"距","62","8"
"黃","62","8"
"云","61","8"
"卷","61","7"
"猶","61","8"
"屆","60","10"
"屋","60","10"
"批","60","9"
"萬","60","9"
"視","60","10"
"奉","59","8"
"暨","59","9"
"牆","59","9"
"略","59","10"
"稍","59","10"
"送","59","8"
"避","59","10"
"面","59","9"
"養","59","10"
"光","58","10"
"區","58","7"
"直","58","10"
"公","57","9"
"命","57","9"
"滿","57","9"
"率","57","7"
"計","57","7"
"厝","56","10"
"師","56","8"
"港","56","6"
"隔","56","8"
"裔","55","4"
"需","55","8"
"顆","55","10"
"提","54","9"
"祠","54","6"
"總","54","9"
"表","54","8"
"談","54","8"
"買","54","10"
"亂","53","8"
"奇","53","10"
"定","53","9"
"尺","53","9"
"特","53","8"
"似","52","8"
"封","52","9"
"尋","52","8"
"斤","52","6"
"殺","52","8"
"側","51","9"
"反","51","10"
"望","51","9"
"職","51","9"
"加","50","8"
"夜","50","10"
"感","50","7"
"採","50","10"
"狗","50","4"
"功","49","9"
"品","49","6"
"啊","49","6"
"議","49","8"
"刻","48","8"
"念","48","8"
"換","48","6"
"物","48","7"
"系","48","4"
"記","48","8"
"吳","47","8"
"女","47","7"
"替","47","7"
"營","47","10"
"破","47","9"
"繼","47","7"
"雨","47","7"
"乘","46","7"
"呈","46","9"
"報","46","8"
"實","46","8"
"役","46","7"
"怕","46","6"
"捐","46","7"
"爭","46","10"
"藉","46","8"
"虎","46","8"
"親","46","7"
"重","46","9"
"哩","45","7"
"泉","45","7"
"然","45","10"
"登","45","9"
"嘴","44","7"
"宗","44","8"
"寬","44","10"
"景","44","4"
"牛","44","6"
"級","44","8"
"貴","44","8"
"乏","43","7"
"呀","43","4"
"孫","43","8"
"安","43","10"
"害","43","7"
"教","43","8"
"步","43","7"
"治","43","9"
"獅","43","5"
"留","43","9"
"祀","42","9"
"空","42","8"
"苦","42","9"
"詞","42","7"
"返","42","7"
"佔","41","8"
"夠","41","9"
"序","41","9"
"府","41","10"
"敏","41","1"
"春","41","7"
"股","41","9"
"腳","41","6"
"贈","41","7"
"遇","41","8"
"遍","41","10"
"例","40","8"
"利","40","9"
"卒","40","5"
"套","40","10"
"娶","40","7"
"屢","40","9"
"志","40","7"
"止","40","9"
"母","40","8"
"米","40","7"
"鄭","40","6"
"雙","40","8"
"憑","39","7"
"白","39","9"
"社","39","3"
"秋","39","8"
"論","39","10"
"拿","38","9"
"攻","38","8"
"沒","38","5"
"觀","38","8"
"解","38","9"
"述","38","7"
"造","38","8"
"離","38","9"
"駐","38","7"
"乎","37","6"
"低","37","7"
"士","37","6"
"強","37","7"
"洪","37","10"
"邑","37","6"
"酒","37","10"
"鬼","37","3"
"信","36","10"
"兵","36","8"
"冬","36","8"
"別","36","9"
"周","36","8"
"戰","36","5"
"旅","36","6"
"瓦","36","7"
"田","36","8"
"譜","36","10"
"里","36","7"
"堂","35","8"
"捕","35","8"
"晉","35","10"
"算","35","6"
"花","35","8"
"辦","35","7"
"附","35","7"
"保","34","9"
"兄","34","6"
"列","34","6"
"宜","34","8"
"引","34","7"
"慶","34","3"
"掛","34","6"
"斷","34","7"
"移","34","10"
"章","34","7"
"裏","34","5"
"讀","34","5"
"負","34","4"
"足","34","7"
"吹","33","7"
"市","33","4"
"廈","33","4"
"戲","33","6"
"架","33","4"
"照","33","9"
"牠","33","5"
"祭","33","6"
"紅","33","7"
"耳","33","5"
"輯","33","3"
"陷","33","7"
"餘","33","6"
"館","33","3"
"備","32","7"
"告","32","7"
"團","32","8"
"塔","32","7"
"尤","32","9"
"歷","32","10"
"碑","32","5"
"福","32","9"
"識","32","6"
"通","32","8"
"遊","32","8"
"閒","32","6"
"俱","31","6"
"值","31","8"
"假","31","9"
"動","31","7"
"勢","31","10"
"己","31","7"
"廢","31","8"
"獻","31","8"
"背","31","9"
"落","31","8"
"質","31","8"
"食","31","9"
"乙","30","7"
"修","30","8"
"免","30","8"
"力","30","7"
"匾","30","5"
"土","30","9"
"富","30","9"
"幫","30","4"
"毎","30","5"
"氣","30","7"
"法","30","7"
"火","30","6"
"甲","30","9"
"病","30","7"
"盤","30","4"
"碗","30","4"
"祖","30","7"
"聲","30","7"
"賣","30","5"
"賺","30","6"
"丈","29","6"
"主","29","10"
"倒","29","7"
"借","29","6"
"勉","29","2"
"帝","29","4"
"彼","29","3"
"抵","29","6"
"接","29","7"
"料","29","9"
"晚","29","8"
"概","29","9"
"筆","29","9"
"蔣","29","4"
"試","29","8"
"跑","29","5"
"集","29","5"
"香","29","7"
"鹽","29","10"
"勝","28","6"
"夢","28","7"
"季","28","7"
"廣","28","7"
"活","28","6"
"牧","28","6"
"理","28","7"
"畫","28","7"
"禮","28","8"
"笑","28","6"
"羊","28","8"
"興","28","7"
"般","28","10"
"驅","28","10"
"井","27","7"
"啦","27","4"
"宮","27","6"
"恐","27","6"
"悉","27","7"
"投","27","6"
"持","27","7"
"挖","27","7"
"漳","27","7"
"狀","27","8"
"站","27","8"
"組","27","7"
"缺","27","8"
"荷","27","10"
"製","27","7"
"迎","27","7"
"退","27","8"
"銀","27","7"
"騎","27","7"
"龍","27","9"
"合","26","8"
"含","26","7"
"喝","26","5"
"嗎","26","8"
"固","26","7"
"圓","26","7"
"夫","26","5"
"庵","26","7"
"弟","26","6"
"業","26","5"
"流","26","7"
"牽","26","5"
"眼","26","10"
"羣","26","8"
"肉","26","6"
"菜","26","6"
"蘇","26","7"
"血","26","10"
"轄","26","10"
"降","26","7"
"剛","25","7"
"剩","25","8"
"創","25","5"
"印","25","5"
"宅","25","8"
"形","25","7"
"徙","25","4"
"插","25","6"
"枝","25","7"
"波","25","3"
"湯","25","4"
"脈","25","5"
"誤","25","6"
"貓","25","4"
"踏","25","7"
"匹","24","6"
"史","24","5"
"哉","24","3"
"墜","24","5"
"夏","24","7"
"妻","24","5"
"嫁","24","3"
"店","24","7"
"徵","24","10"
"忙","24","5"
"樓","24","7"
"樣","24","6"
"男","24","8"
"確","24","8"
"祇","24","5"
"科","24","10"
"穿","24","5"
"編","24","4"
"舟","24","7"
"苗","24","1"
"茶","24","5"
"訪","24","6"
"趨","24","5"
"輸","24","6"
"郡","24","5"
"闢","24","7"
"防","24","9"
"題","24","5"
"厚","23","6"
"埋","23","7"
"壞","23","5"
"失","23","8"
"患","23","6"
"拱","23","4"
"擔","23","7"
"校","23","5"
"殿","23","5"
"沿","23","6"
"漁","23","6"
"產","23","8"
"認","23","8"
"豬","23","6"
"遣","23","6"
"選","23","8"
"顏","23","5"
"飛","23","8"
"副","22","7"
"勿","22","7"
"司","22","8"
"嘗","22","5"
"差","22","6"
"忽","22","6"
"拆","22","6"
"榜","22","10"
"洞","22","5"
"浦","22","6"
"獨","22","7"
"玆","22","5"
"監","22","10"
"窮","22","6"
"粵","22","3"
"胡","22","6"
"訂","22","9"
"輕","22","7"
"轉","22","6"
"陸","22","5"
"鳥","22","6"
"佛","21","7"
"刊","21","4"
"助","21","5"
"君","21","4"
"呂","21","7"
"員","21","5"
"哪","21","5"
"寶","21","6"
"寺","21","5"
"思","21","7"
"承","21","6"
"授","21","4"
"撰","21","5"
"擇","21","10"
"斯","21","3"
"楊","21","5"
"楽","21","1"
"溪","21","7"
"皚","21","1"
"示","21","7"
"粒","21","5"
"莫","21","7"
"追","21","7"
"逢","21","8"
"飯","21","6"
"卅","20","3"
"噸","20","4"
"尾","20","6"
"忘","20","7"
"樹","20","6"
"武","20","5"
"燒","20","8"
"砲","20","5"
"穴","20","6"
"絕","20","7"
"羅","20","10"
"臨","20","8"
"街","20","7"
"補","20","5"
"關","20","7"
"頂","20","9"
"亡","19","8"
"享","19","6"
"后","19","3"
"喜","19","3"
"單","19","5"
"域","19","2"
"妳","19","3"
"徒","19","5"
"悄","19","2"
"惜","19","6"
"擊","19","3"
"敗","19","5"
"旗","19","5"
"池","19","5"
"油","19","5"
"演","19","7"
"糧","19","3"
"純","19","7"
"腹","19","6"
"草","19","8"
"裝","19","8"
"誠","19","5"
"農","19","6"
"颳","19","3"
"飼","19","4"
"京","18","6"
"侵","18","6"
"化","18","8"
"咬","18","5"
"嗣","18","3"
"嚴","18","4"
"寄","18","6"
"寸","18","6"
"幅","18","6"
"幸","18","5"
"廳","18","6"
"恩","18","5"
"抗","18","6"
"木","18","8"
"棄","18","5"
"款","18","6"
"歌","18","10"
"浙","18","5"
"煮","18","3"
"環","18","9"
"睡","18","5"
"聯","18","5"
"胸","18","3"
"臉","18","5"
"薛","18","4"
"貨","18","6"
"辨","18","6"
"黑","18","6"
"于","17","4"
"冷","17","5"
"劃","17","10"
"布","17","7"
"惡","17","7"
"抱","17","6"
"杯","17","4"
"梁","17","3"
"樂","17","6"
"永","17","6"
"短","17","8"
"臣","17","2"
"蒞","17","5"
"謀","17","5"
"輩","17","8"
"靈","17","5"
"順","17","10"
"驚","17","6"
"亭","16","5"
"佳","16","8"
"倍","16","7"
"偕","16","6"
"制","16","5"
"堡","16","5"
"奔","16","10"
"廠","16","4"
"强","16","2"
"急","16","3"
"慬","16","3"
"排","16","8"
"推","16","5"
"擬","16","5"
"攜","16","6"
"救","16","8"
"昔","16","6"
"星","16","4"
"汝","16","4"
"洗","16","4"
"潮","16","5"
"炒","16","4"
"異","16","6"
"端","16","9"
"精","16","4"
"習","16","3"
"耶","16","3"
"華","16","4"
"葉","16","5"
"討","16","5"
"詔","16","4"
"謝","16","5"
"資","16","6"
"邱","16","3"
"領","16","6"
"顧","16","5"
"顯","16","7"
"鴨","16","4"
"侯","15","4"
"内","15","3"
"包","15","4"
"升","15","8"
"哭","15","5"
"嫌","15","4"
"性","15","4"
"抓","15","4"
"拉","15","7"
"棺","15","3"
"源","15","4"
"烈","15","7"
"牲","15","4"
"甫","15","6"
"疏","15","4"
"瞑","15","4"
"磨","15","10"
"紀","15","8"
"綁","15","4"
"虛","15","6"
"詳","15","4"
"證","15","4"
"購","15","5"
"迨","15","4"
"陣","15","4"
"雕","15","3"
"響","15","4"
"俟","14","5"
"俾","14","6"
"劍","14","7"
"呼","14","7"
"商","14","5"
"增","14","6"
"奪","14","6"
"完","14","8"
"嶺","14","3"
"御","14","4"
"恨","14","3"
"懸","14","4"
"援","14","4"
"毋","14","3"
"漢","14","6"
"漲","14","6"
"焚","14","5"
"玩","14","4"
"畔","14","9"
"益","14","4"
"策","14","2"
"義","14","7"
"聚","14","7"
"肯","14","6"
"臺","14","5"
"虜","14","10"
"調","14","5"
"謁","14","2"
"豈","14","4"
"貧","14","7"
"躍","14","3"
"迭","14","7"
"運","14","7"
"頓","14","7"
"飄","14","3"
"偏","13","7"
"劉","13","4"
"友","13","2"
"啼","13","4"
"善","13","6"
"夕","13","5"
"孤","13","6"
"室","13","5"
"局","13","5"
"岌","13","1"
"弄","13","4"
"弱","13","7"
"德","13","5"
"慘","13","4"
"戴","13","7"
"招","13","6"
"挾","13","8"
"撮","13","10"
"散","13","6"
"敲","13","4"
"施","13","5"
"旋","13","6"
"柳","13","5"
"淺","13","4"
"版","13","3"
"班","13","3"
"盆","13","3"
"盜","13","4"
"祂","13","4"
"禍","13","3"
"秦","13","5"
"第","13","6"
"繫","13","6"
"聘","13","6"
"薄","13","6"
"衰","13","6"
"諺","13","5"
"費","13","4"
"趟","13","4"
"跳","13","6"
"車","13","5"
"輦","13","2"
"逝","13","4"
"適","13","5"
"邀","13","5"
"陽","13","5"
"雜","13","5"
"黨","13","4"
"丁","12","6"
"互","12","5"
"傷","12","4"
"典","12","7"
"兹","12","3"
"冠","12","6"
"刀","12","5"
"啓","12","3"
"啥","12","4"
"喊","12","3"
"喔","12","1"
"圍","12","4"
"坑","12","5"
"堆","12","5"
"夷","12","4"
"寒","12","4"
"州","12","5"
"幹","12","4"
"影","12","5"
"抬","12","5"
"挑","12","6"
"捉","12","5"
"擺","12","6"
"斗","12","6"
"斬","12","5"
"朱","12","4"
"案","12","5"
"殊","12","3"
"殲","12","5"
"沙","12","4"
"澳","12","5"
"煞","12","1"
"痛","12","5"
"瞪","12","2"
"答","12","4"
"箭","12","3"
"線","12","5"
"英","12","2"
"萃","12","3"
"薨","12","4"
"藏","12","6"
"誌","12","4"
"謹","12","5"
"豎","12","5"
"趁","12","8"
"錄","12","4"
"鐫","12","3"
"鐵","12","9"
"院","12","4"
"雲","12","5"
"雷","12","6"
"齣","12","2"
"亮","11","5"
"伏","11","5"
"偶","11","5"
"偷","11","3"
"咸","11","4"
"唱","11","5"
"執","11","3"
"堅","11","4"
"專","11","7"
"岸","11","5"
"峯","11","5"
"崇","11","6"
"巡","11","7"
"工","11","5"
"席","11","3"
"平","11","3"
"式","11","7"
"征","11","5"
"微","11","6"
"您","11","3"
"扼","11","4"
"摸","11","4"
"擁","11","6"
"敬","11","5"
"敵","11","3"
"暫","11","6"
"枚","11","7"
"果","11","5"
"桌","11","4"
"毒","11","5"
"氏","11","3"
"沈","11","5"
"沖","11","4"
"涙","11","4"
"淹","11","4"
"灰","11","6"
"爐","11","6"
"爰","11","4"
"畝","11","3"
"皮","11","3"
"管","11","7"
"糖","11","7"
"細","11","4"
"翻","11","7"
"萵","11","2"
"財","11","5"
"貪","11","3"
"蹈","11","10"
"逐","11","5"
"逾","11","3"
"遏","11","4"
"遲","11","4"
"配","11","5"
"量","11","6"
"雄","11","4"
"靖","11","3"
"鞋","11","3"
"餓","11","2"
"駛","11","5"
"體","11","6"
"魏","11","5"
"黯","11","1"
"仿","10","5"
"倭","10","3"
"停","10","6"
"劫","10","3"
"卜","10","5"
"參","10","5"
"召","10","3"
"吐","10","7"
"嘛","10","2"
"址","10","5"
"坪","10","4"
"堰","10","9"
"寇","10","2"
"嵌","10","5"
"慢","10","4"
"懂","10","3"
"折","10","3"
"拖","10","5"
"挺","10","2"
"掘","10","6"
"撫","10","2"
"撿","10","4"
"擅","10","10"
"斜","10","5"
"朕","10","2"
"柴","10","5"
"植","10","5"
"橋","10","4"
"權","10","6"
"欠","10","4"
"添","10","5"
"測","10","5"
"滅","10","7"
"煙","10","5"
"犯","10","5"
"猛","10","4"
"盧","10","3"
"督","10","3"
"秤","10","3"
"積","10","5"
"粗","10","5"
"翁","10","5"
"舞","10","10"
"董","10","3"
"譯","10","2"
"護","10","4"
"譽","10","3"
"讚","10","1"
"販","10","5"
"輒","10","6"
"辭","10","8"
"逼","10","5"
"錯","10","4"
"钎","10","1"
"頃","10","3"
"餵","10","6"
"駕","10","3"
"齊","10","5"
"乾","9","5"
"佐","9","3"
"匪","9","4"
"協","9","6"
"喻","9","4"
"嘉","9","2"
"園","9","7"
"埭","9","9"
"塞","9","3"
"墳","9","4"
"壁","9","5"
"壓","9","6"
"奏","9","3"
"妙","9","6"
"姑","9","2"
"幕","9","4"
"截","9","3"
"抽","9","5"
"探","9","8"
"揚","9","3"
"撐","9","5"
"政","9","4"
"旨","9","2"
"歿","9","1"
"殆","9","4"
"涉","9","2"
"涼","9","5"
"灶","9","4"
"甜","9","4"
"産","9","3"
"畢","9","4"
"瘦","9","1"
"癒","9","4"
"目","9","5"
"籍","9","3"
"粿","9","2"
"緊","9","3"
"罪","9","3"
"翌","9","2"
"耕","9","5"
"肆","9","6"
"舍","9","5"
"薦","9","9"
"裁","9","3"
"覆","9","3"
"覓","9","5"
"角","9","4"
"詢","9","4"
"賴","9","6"
"贏","9","4"
"趕","9","4"
"輪","9","3"
"銅","9","4"
"限","9","5"
"險","9","3"
"隸","9","3"
"髮","9","4"
"鼓","9","7"
"龜","9","4"
"付","8","5"
"仙","8","3"
"仰","8","4"
"余","8","2"
"倘","8","4"
"僑","8","2"
"冊","8","5"
"剋","8","2"
"剿","8","3"
"吉","8","3"
"吠","8","2"
"咱","8","3"
"啟","8","3"
"嘯","8","3"
"器","8","2"
"坊","8","4"
"埔","8","2"
"塑","8","2"
"壺","8","3"
"婦","8","5"
"孰","8","3"
"客","8","4"
"導","8","5"
"尿","8","3"
"帆","8","3"
"干","8","3"
"幼","8","5"
"延","8","6"
"徐","8","3"
"忠","8","2"
"恆","8","6"
"懐","8","2"
"懷","8","4"
"掌","8","2"
"搬","8","6"
"摟","8","2"
"播","8","2"
"操","8","4"
"擒","8","3"
"旭","8","2"
"昨","8","2"
"柱","8","4"
"桑","8","5"
"楚","8","4"
"構","8","3"
"橫","8","5"
"歹","8","1"
"況","8","4"
"減","8","5"
"燈","8","3"
"爬","8","4"
"爾","8","3"
"甌","8","4"
"甕","8","2"
"盼","8","1"
"硬","8","4"
"祈","8","5"
"禦","8","3"
"秀","8","4"
"私","8","3"
"突","8","5"
"紙","8","5"
"結","8","5"
"繁","8","4"
"續","8","5"
"罰","8","4"
"肩","8","5"
"胎","8","2"
"臥","8","4"
"臭","8","2"
"艦","8","3"
"色","8","6"
"蕭","8","3"
"藍","8","5"
"藥","8","4"
"蛇","8","4"
"衛","8","4"
"衣","8","4"
"裹","8","3"
"託","8","5"
"豐","8","4"
"賢","8","5"
"贊","8","2"
"跨","8","3"
"踩","8","5"
"辟","8","3"
"逃","8","4"
"週","8","5"
"違","8","3"
"遺","8","2"
"郊","8","1"
"銜","8","2"
"鐘","8","2"
"閏","8","3"
"陞","8","2"
"陰","8","3"
"隊","8","5"
"霧","8","4"
"露","8","5"
"頌","8","2"
"飲","8","7"
"鳴","8","4"
"鹵","8","2"
"麓","8","4"
"麥","8","3"
"鼎","8","4"
"仕","7","3"
"併","7","4"
"克","7","4"
"募","7","4"
"吞","7","6"
"否","7","5"
"哦","7","2"
"嘆","7","3"
"困","7","2"
"圈","7","4"
"埠","7","3"
"孝","7","3"
"宿","7","4"
"察","7","4"
"寧","7","4"
"尖","7","3"
"屎","7","3"
"嶼","7","2"
"巷","7","6"
"廉","7","3"
"廿","7","3"
"循","7","3"
"忍","7","3"
"悟","7","3"
"悲","7","3"
"憶","7","3"
"扶","7","3"
"抛","7","4"
"披","7","4"
"拒","7","3"
"捧","7","4"
"搭","7","5"
"撥","7","5"
"擠","7","5"
"效","7","3"
"旺","7","4"
"暉","7","1"
"查","7","4"
"栽","7","5"
"棵","7","5"
"榨","7","1"
"河","7","5"
"浬","7","2"
"消","7","2"
"淡","7","3"
"溝","7","5"
"溫","7","4"
"溯","7","3"
"滴","7","4"
"熬","7","2"
"熱","7","4"
"熹","7","1"
"獸","7","1"
"玉","7","4"
"界","7","4"
"疾","7","5"
"盞","7","4"
"眾","7","4"
"禁","7","3"
"穩","7","4"
"紛","7","3"
"累","7","3"
"繞","7","4"
"繪","7","4"
"罷","7","4"
"群","7","4"
"耽","7","4"
"聖","7","3"
"脫","7","4"
"腦","7","4"
"膽","7","2"
"艇","7","3"
"莊","7","3"
"莒","7","4"
"莖","7","6"
"蒙","7","4"
"蔭","7","3"
"虧","7","5"
"蝦","7","2"
"術","7","3"
"衝","7","4"
"覺","7","4"
"課","7","3"
"諒","7","2"
"責","7","4"
"貳","7","5"
"趙","7","6"
"踢","7","4"
"逸","7","1"
"遵","7","3"
"邦","7","1"
"鄰","7","2"
"錫","7","2"
"雪","7","3"
"骨","7","5"
"魂","7","5"
"鱉","7","2"
"鱟","7","3"
"丘","6","4"
"丟","6","3"
"亟","6","2"
"交","6","4"
"亳","6","5"
"仁","6","3"
"仗","6","4"
"伍","6","4"
"俺","6","2"
"倡","6","2"
"傅","6","3"
"僧","6","4"
"兒","6","2"
"兜","6","2"
"刺","6","3"
"割","6","5"
"卿","6","2"
"叨","6","4"
"哀","6","3"
"嚇","6","3"
"型","6","3"
"墨","6","5"
"壇","6","2"
"壯","6","4"
"姪","6","2"
"孟","6","4"
"宦","6","2"
"寨","6","3"
"尪","6","1"
"屈","6","3"
"屏","6","3"
"巢","6","1"
"床","6","4"
"廄","6","1"
"怎","6","5"
"怨","6","2"
"怪","6","3"
"恃","6","3"
"恰","6","5"
"愚","6","3"
"慮","6","3"
"憂","6","4"
"托","6","2"
"扛","6","4"
"拚","6","4"
"掃","6","3"
"掉","6","2"
"掠","6","2"
"撲","6","4"
"擲","6","3"
"敕","6","4"
"晨","6","4"
"暇","6","1"
"暗","6","3"
"朋","6","3"
"服","6","4"
"朔","6","2"
"杏","6","2"
"株","6","5"
"槍","6","5"
"機","6","3"
"歐","6","1"
"泊","6","3"
"浪","6","4"
"淚","6","4"
"漆","6","3"
"濟","6","2"
"炭","6","1"
"爸","6","3"
"犬","6","4"
"狹","6","4"
"獄","6","3"
"矢","6","4"
"矮","6","3"
"磚","6","4"
"禎","6","2"
"究","6","2"
"窄","6","4"
"竹","6","5"
"粥","6","1"
"納","6","4"
"緣","6","3"
"缸","6","3"
"署","6","3"
"肖","6","3"
"肚","6","4"
"舀","6","2"
"蛋","6","3"
"訓","6","3"
"評","6","1"
"誦","6","3"
"誼","6","1"
"諡","6","2"
"语","6","1"
"貢","6","4"
"貲","6","1"
"跪","6","3"
"躬","6","1"
"輛","6","4"
"迫","6","5"
"遜","6","4"
"醫","6","6"
"阻","6","2"
"隋","6","2"
"階","6","2"
"隱","6","3"
"韓","6","4"
"餅","6","5"
"饌","6","3"
"馳","6","4"
"騰","6","2"
"驗","6","4"
"鬧","6","4"
"魁","6","4"
"鹿","6","4"
"黄","6","2"
"串","5","1"
"丿","5","1"
"乍","5","5"
"佞","5","1"
"候","5","3"
"倚","5","3"
"傾","5","3"
"僕","5","1"
"冒","5","2"
"凱","5","1"
"削","5","2"
"勤","5","4"
"危","5","3"
"厥","5","2"
"吻","5","2"
"吼","5","2"
"哇","5","1"
"唸","5","4"
"壹","5","4"
"妾","5","4"
"媽","5","3"
"孔","5","4"
"宇","5","4"
"宴","5","3"
"容","5","4"
"寓","5","2"
"巨","5","2"
"幀","5","2"
"幢","5","4"
"怒","5","3"
"息","5","3"
"惹","5","3"
"戌","5","3"
"戚","5","3"
"扁","5","3"
"扯","5","4"
"拓","5","2"
"揭","5","4"
"搖","5","3"
"搶","5","3"
"擋","5","3"
"敍","5","1"
"晝","5","4"
"晴","5","1"
"材","5","4"
"染","5","3"
"桂","5","1"
"標","5","4"
"檄","5","2"
"毛","5","4"
"沉","5","3"
"泥","5","4"
"注","5","4"
"泰","5","2"
"浮","5","3"
"淵","5","3"
"游","5","2"
"溺","5","3"
"滔","5","1"
"濃","5","4"
"炸","5","5"
"煎","5","4"
"熟","5","3"
"熾","5","3"
"燃","5","4"
"爽","5","4"
"猴","5","2"
"珠","5","3"
"疑","5","3"
"痰","5","2"
"盅","5","3"
"盔","5","1"
"眇","5","2"
"祝","5","3"
"禱","5","3"
"程","5","3"
"稽","5","4"
"窖","5","2"
"窺","5","4"
"篤","5","2"
"素","5","3"
"綠","5","3"
"維","5","2"
"縱","5","2"
"縷","5","3"
"罵","5","2"
"翹","5","2"
"育","5","3"
"腰","5","3"
"膈","5","2"
"膝","5","2"
"航","5","2"
"葷","5","2"
"藎","5","2"
"虞","5","3"
"蚵","5","3"
"蜀","5","2"
"蟲","5","4"
"蟳","5","2"
"衍","5","2"
"袖","5","2"
"襲","5","2"
"覽","5","3"
"誥","5","1"
"諧","5","3"
"譏","5","4"
"豆","5","3"
"象","5","4"
"貼","5","3"
"賞","5","4"
"賠","5","1"
"賦","5","2"
"躺","5","3"
"辛","5","2"
"逄","5","2"
"透","5","4"
"途","5","3"
"逮","5","1"
"遙","5","3"
"酬","5","4"
"釋","5","2"
"野","5","4"
"銃","5","1"
"鍋","5","3"
"鑿","5","2"
"閱","5","4"
"雌","5","1"
"頒","5","5"
"餐","5","3"
"駡","5","2"
"骰","5","2"
"鯤","5","1"
"鶴","5","2"
"齡","5","1"
"龕","5","2"
"丙","4","4"
"伴","4","4"
"伸","4","3"
"促","4","2"
"俘","4","2"
"僙","4","1"
"價","4","3"
"儀","4","4"
"償","4","3"
"准","4","2"
"凹","4","2"
"函","4","2"
"判","4","2"
"剝","4","4"
"剪","4","3"
"劈","4","1"
"務","4","3"
"午","4","2"
"卯","4","3"
"叢","4","3"
"吟","4","2"
"咒","4","3"
"咨","4","1"
"喂","4","3"
"喇","4","3"
"喪","4","4"
"嗯","4","2"
"嚳","4","1"
"囑","4","2"
"囚","4","2"
"基","4","3"
"塘","4","3"
"填","4","2"
"墟","4","2"
"墾","4","1"
"壙","4","2"
"夾","4","4"
"奠","4","3"
"妒","4","2"
"妣","4","2"
"委","4","3"
"孕","4","1"
"寂","4","2"
"尸","4","2"
"屍","4","3"
"屯","4","3"
"巫","4","3"
"巽","4","1"
"希","4","3"
"幽","4","2"
"庭","4","4"
"康","4","3"
"弊","4","1"
"忌","4","3"
"忝","4","2"
"悪","4","1"
"慰","4","3"
"扇","4","4"
"技","4","2"
"振","4","2"
"挽","4","3"
"捲","4","3"
"揀","4","1"
"揮","4","3"
"搏","4","2"
"搓","4","3"
"搞","4","4"
"撒","4","2"
"擦","4","2"
"攪","4","2"
"旬","4","3"
"旱","4","3"
"昌","4","2"
"昭","4","3"
"晶","4","1"
"暦","4","3"
"曆","4","1"
"曬","4","3"
"曹","4","2"
"朵","4","3"
"柬","4","2"
"棲","4","2"
"歎","4","3"
"歟","4","2"
"汕","4","3"
"汪","4","4"
"泣","4","2"
"洋","4","3"
"洒","4","3"
"湊","4","3"
"湮","4","3"
"潛","4","2"
"澆","4","3"
"澤","4","4"
"烏","4","3"
"焦","4","3"
"爛","4","3"
"獬","4","2"
"琢","4","3"
"瓜","4","4"
"甘","4","3"
"甭","4","3"
"畏","4","4"
"疫","4","2"
"痘","4","1"
"瘂","4","1"
"瘋","4","2"
"癸","4","2"
"皐","4","1"
"睹","4","3"
"瞧","4","1"
"瞻","4","2"
"碰","4","4"
"祕","4","2"
"票","4","1"
"稀","4","3"
"穀","4","2"
"竊","4","2"
"童","4","4"
"符","4","2"
"簽","4","1"
"粤","4","2"
"糜","4","2"
"統","4","1"
"絲","4","3"
"網","4","3"
"繳","4","3"
"纏","4","3"
"纔","4","2"
"艱","4","1"
"芳","4","3"
"范","4","2"
"荐","4","2"
"菸","4","2"
"蓄","4","3"
"衙","4","3"
"袁","4","1"
"觸","4","3"
"訣","4","2"
"詠","4","2"
"誅","4","2"
"諱","4","2"
"警","4","4"
"豹","4","2"
"賭","4","1"
"躲","4","2"
"軸","4","3"
"辱","4","1"
"迴","4","2"
"逞","4","3"
"邪","4","3"
"鄧","4","2"
"酌","4","4"
"醜","4","4"
"針","4","4"
"鉅","4","3"
"鍾","4","2"
"鏡","4","2"
"鑑","4","3"
"閉","4","3"
"閲","4","3"
"陪","4","3"
"陵","4","1"
"隘","4","2"
"零","4","4"
"震","4","3"
"青","4","2"
"韻","4","3"
"頸","4","2"
"頻","4","3"
"額","4","2"
"飢","4","4"
"饗","4","1"
"騙","4","2"
"驟","4","2"
"骸","4","2"
"麻","4","2"
"麼","4","3"
"黏","4","3"
"丞","3","3"
"乳","3","2"
"企","3","3"
"佑","3","2"
"佩","3","2"
"侄","3","2"
"俞","3","3"
"倉","3","2"
"倖","3","1"
"傍","3","3"
"儒","3","1"
"優","3","1"
"兆","3","2"
"凌","3","2"
"刃","3","2"
"划","3","2"
"别","3","1"
"匿","3","2"
"厲","3","2"
"叔","3","2"
"吸","3","1"
"味","3","2"
"咻","3","1"
"哈","3","2"
"哺","3","1"
"唬","3","3"
"售","3","3"
"啃","3","2"
"喘","3","3"
"嗚","3","3"
"嘶","3","2"
"嘿","3","2"
"団","3","2"
"垂","3","2"
"堪","3","2"
"塚","3","2"
"墊","3","2"
"奢","3","2"
"奧","3","2"
"妃","3","1"
"妖","3","2"
"妝","3","2"
"姚","3","2"
"姨","3","3"
"姿","3","2"
"娘","3","1"
"娠","3","1"
"婚","3","3"
"嫩","3","3"
"孵","3","1"
"孽","3","2"
"宣","3","2"
"宰","3","2"
"密","3","3"
"射","3","2"
"展","3","2"
"崗","3","2"
"帖","3","1"
"庶","3","1"
"廂","3","2"
"廊","3","1"
"廕","3","1"
"弛","3","2"
"弦","3","1"
"彈","3","2"
"徑","3","1"
"愆","3","1"
"愧","3","1"
"慎","3","2"
"慕","3","1"
"慨","3","2"
"憚","3","2"
"憾","3","2"
"懾","3","2"
"扎","3","2"
"扒","3","2"
"扮","3","3"
"抑","3","2"
"拍","3","3"
"拔","3","3"
"拾","3","2"
"捷","3","2"
"掀","3","3"
"控","3","3"
"損","3","3"
"搜","3","2"
"摘","3","1"
"擾","3","1"
"攢","3","3"
"斃","3","1"
"旦","3","3"
"暈","3","3"
"杜","3","3"
"束","3","1"
"析","3","1"
"桅","3","2"
"桶","3","2"
"桿","3","2"
"棗","3","1"
"棘","3","2"
"楹","3","2"
"榮","3","2"
"榻","3","1"
"樁","3","3"
"樑","3","2"
"欺","3","2"
"歇","3","1"
"歴","3","2"
"殷","3","1"
"汁","3","1"
"汗","3","3"
"決","3","2"
"沾","3","3"
"洲","3","3"
"浸","3","2"
"涎","3","1"
"淨","3","2"
"淪","3","2"
"淮","3","1"
"溜","3","2"
"漏","3","3"
"潔","3","2"
"濫","3","2"
"瀕","3","2"
"炮","3","2"
"熊","3","3"
"燄","3","2"
"燕","3","2"
"燜","3","1"
"爺","3","1"
"牢","3","2"
"狂","3","3"
"狸","3","2"
"狼","3","2"
"猥","3","1"
"瓊","3","3"
"瓢","3","3"
"瘧","3","3"
"癖","3","2"
"睏","3","1"
"瞎","3","2"
"矧","3","2"
"砍","3","3"
"碎","3","1"
"碼","3","2"
"禪","3","1"
"禹","3","2"
"秒","3","3"
"秩","3","2"
"穗","3","3"
"窗","3","3"
"窩","3","2"
"竄","3","1"
"競","3","2"
"竿","3","2"
"筌","3","2"
"簡","3","3"
"籃","3","1"
"籤","3","2"
"粉","3","1"
"粧","3","1"
"紗","3","1"
"紡","3","3"
"索","3","2"
"緩","3","3"
"縛","3","3"
"繩","3","3"
"羞","3","2"
"翟","3","2"
"耍","3","2"
"耿","3","1"
"聰","3","2"
"聼","3","1"
"肥","3","2"
"胖","3","2"
"胥","3","1"
"膩","3","2"
"臂","3","2"
"舌","3","3"
"舒","3","3"
"舜","3","3"
"葱","3","2"
"蒸","3","3"
"蒼","3","2"
"蓮","3","2"
"蔽","3","3"
"蕃","3","1"
"藝","3","1"
"蘸","3","2"
"蛤","3","2"
"蟹","3","2"
"蠻","3","3"
"衡","3","1"
"袋","3","2"
"褔","3","2"
"詎","3","2"
"誓","3","1"
"誕","3","2"
"諭","3","2"
"謎","3","3"
"譔","3","2"
"譚","3","1"
"賂","3","1"
"賈","3","2"
"贅","3","3"
"跗","3","1"
"跛","3","2"
"軟","3","3"
"輿","3","2"
"辜","3","2"
"辰","3","3"
"迓","3","1"
"逆","3","1"
"逹","3","1"
"郭","3","2"
"酋","3","1"
"酷","3","3"
"釀","3","3"
"鋤","3","3"
"錘","3","1"
"鎖","3","3"
"閃","3","3"
"閑","3","2"
"陂","3","1"
"隆","3","2"
"電","3","2"
"靜","3","2"
"鞭","3","2"
"飽","3","3"
"飾","3","3"
"餉","3","2"
"駝","3","2"
"駢","3","1"
"駱","3","1"
"驛","3","1"
"鬢","3","3"
"鬥","3","2"
"魔","3","1"
"鳳","3","3"
"鷹","3","1"
"黜","3","2"
"丸","2","1"
"么","2","1"
"乖","2","1"
"乜","2","2"
"乞","2","2"
"亻","2","1"
"仇","2","1"
"伊","2","2"
"伐","2","2"
"休","2","1"
"伯","2","2"
"估","2","2"
"佚","2","1"
"佼","2","1"
"侍","2","2"
"俄","2","2"
"俎","2","2"
"俸","2","1"
"倦","2","1"
"倪","2","1"
"偉","2","1"
"傘","2","2"
"催","2","1"
"傻","2","1"
"僞","2","2"
"僮","2","2"
"僱","2","1"
"儘","2","2"
"儲","2","1"
"允","2","2"
"充","2","2"
"兇","2","2"
"兗","2","2"
"凑","2","1"
"凸","2","2"
"切","2","2"
"刈","2","2"
"剎","2","2"
"剖","2","2"
"劾","2","1"
"勒","2","1"
"勞","2","2"
"匯","2","1"
"匱","2","1"
"卑","2","1"
"博","2","2"
"卸","2","2"
"厭","2","2"
"叟","2","2"
"吊","2","1"
"吏","2","2"
"吵","2","1"
"呵","2","1"
"咆","2","1"
"咦","2","1"
"咲","2","1"
"啄","2","2"
"嗳","2","1"
"噩","2","1"
"噫","2","1"
"噴","2","2"
"噹","2","2"
"囊","2","1"
"囯","2","2"
"坡","2","2"
"坵","2","1"
"埏","2","1"
"埕","2","2"
"堤","2","2"
"堯","2","2"
"塗","2","1"
"壤","2","1"
"壽","2","2"
"夥","2","2"
"奎","2","2"
"奬","2","1"
"奮","2","1"
"奴","2","1"
"姜","2","2"
"威","2","2"
"婿","2","1"
"媒","2","2"
"嫗","2","2"
"孚","2","2"
"宥","2","2"
"寃","2","1"
"寢","2","1"
"尹","2","2"
"届","2","1"
"屹","2","1"
"岀","2","2"
"岩","2","2"
"岳","2","2"
"峽","2","2"
"崁","2","1"
"崖","2","1"
"巔","2","2"
"川","2","2"
"巧","2","1"
"巳","2","2"
"巴","2","2"
"巾","2","1"
"巿","2","2"
"帙","2","1"
"庇","2","2"
"廁","2","2"
"廬","2","2"
"廷","2","2"
"弁","2","1"
"弒","2","1"
"弓","2","1"
"弔","2","2"
"弧","2","2"
"彀","2","2"
"彎","2","2"
"彩","2","2"
"彭","2","1"
"彰","2","2"
"徹","2","2"
"徽","2","1"
"怠","2","1"
"恭","2","2"
"悅","2","1"
"悔","2","1"
"悼","2","1"
"惑","2","1"
"惠","2","2"
"慟","2","2"
"慣","2","2"
"憤","2","2"
"憲","2","2"
"懲","2","1"
"懼","2","2"
"戍","2","2"
"戒","2","2"
"戦","2","1"
"抄","2","2"
"抹","2","2"
"押","2","1"
"拎","2","1"
"拳","2","2"
"拴","2","2"
"挂","2","2"
"挫","2","2"
"捍","2","2"
"捏","2","2"
"捨","2","1"
"掩","2","1"
"掬","2","2"
"描","2","2"
"揖","2","2"
"握","2","2"
"搆","2","2"
"搗","2","2"
"撕","2","2"
"擢","2","2"
"擣","2","1"
"擧","2","2"
"擱","2","2"
"敦","2","2"
"斥","2","1"
"斧","2","1"
"昆","2","2"
"映","2","2"
"晒","2","2"
"普","2","1"
"智","2","2"
"暖","2","2"
"曉","2","2"
"曩","2","2"
"曲","2","2"
"札","2","1"
"杵","2","2"
"松","2","1"
"枯","2","2"
"柄","2","2"
"柯","2","2"
"査","2","2"
"格","2","2"
"梓","2","1"
"梭","2","2"
"棒","2","1"
"棚","2","1"
"榆","2","2"
"榭","2","1"
"槊","2","1"
"様","2","2"
"槽","2","1"
"檔","2","1"
"檯","2","1"
"歆","2","1"
"歡","2","1"
"殫","2","1"
"殮","2","1"
"殼","2","2"
"氐","2","2"
"氛","2","1"
"汎","2","2"
"汛","2","2"
"汽","2","1"
"泛","2","1"
"洎","2","1"
"混","2","2"
"淼","2","1"
"渴","2","2"
"湧","2","2"
"溉","2","1"
"準","2","2"
"溢","2","2"
"溼","2","2"
"滄","2","2"
"滇","2","1"
"滾","2","2"
"潑","2","1"
"潜","2","2"
"潭","2","2"
"澄","2","1"
"澡","2","2"
"濁","2","1"
"濆","2","1"
"濱","2","2"
"濺","2","2"
"灑","2","2"
"災","2","2"
"炷","2","2"
"燉","2","2"
"爵","2","2"
"牙","2","2"
"狡","2","1"
"猜","2","1"
"猷","2","2"
"玲","2","1"
"琴","2","1"
"瑞","2","2"
"璈","2","1"
"瓶","2","2"
"甥","2","1"
"疊","2","2"
"痕","2","2"
"瘡","2","1"
"瘸","2","1"
"癌","2","2"
"癢","2","1"
"皺","2","2"
"皿","2","1"
"盈","2","2"
"盟","2","2"
"眷","2","2"
"睜","2","1"
"瞞","2","1"
"矛","2","1"
"研","2","2"
"碟","2","1"
"碧","2","2"
"礮","2","1"
"祗","2","2"
"祥","2","2"
"祿","2","1"
"秕","2","1"
"秘","2","2"
"稚","2","1"
"稿","2","2"
"窟","2","1"
"竇","2","1"
"竭","2","1"
"笄","2","2"
"筍","2","2"
"箱","2","1"
"箸","2","2"
"篆","2","1"
"篡","2","1"
"簇","2","2"
"籌","2","1"
"粟","2","2"
"糞","2","2"
"糟","2","1"
"紮","2","2"
"綏","2","1"
"綱","2","2"
"綽","2","1"
"緬","2","1"
"練","2","1"
"縫","2","2"
"繋","2","1"
"繚","2","1"
"繡","2","2"
"纂","2","1"
"纍","2","2"
"罩","2","2"
"罹","2","1"
"羽","2","2"
"翠","2","2"
"耗","2","2"
"耙","2","1"
"耦","2","2"
"聊","2","2"
"肅","2","2"
"肇","2","2"
"肝","2","1"
"肴","2","2"
"胞","2","1"
"脹","2","1"
"腐","2","2"
"腔","2","2"
"腥","2","1"
"膺","2","2"
"臻","2","1"
"舄","2","2"
"节","2","1"
"芋","2","2"
"苟","2","2"
"茸","2","2"
"莘","2","1"
"菇","2","2"
"萁","2","2"
"萌","2","2"
"蔥","2","1"
"蕻","2","1"
"蘊","2","2"
"蘭","2","2"
"虔","2","2"
"蚊","2","2"
"蝕","2","2"
"蝟","2","2"
"融","2","1"
"螢","2","2"
"蠶","2","2"
"衷","2","2"
"袍","2","1"
"裂","2","2"
"襄","2","1"
"覈","2","1"
"規","2","2"
"覲","2","2"
"訝","2","2"
"誘","2","2"
"諮","2","2"
"謫","2","1"
"谷","2","2"
"豕","2","1"
"豪","2","1"
"貫","2","1"
"貯","2","2"
"賀","2","2"
"賁","2","2"
"賄","2","2"
"賸","2","2"
"赫","2","2"
"趾","2","2"
"跌","2","2"
"跡","2","2"
"軀","2","1"
"軒","2","1"
"輔","2","2"
"輟","2","2"
"轎","2","2"
"逕","2","2"
"速","2","1"
"遞","2","2"
"遶","2","2"
"遼","2","1"
"遽","2","2"
"邇","2","1"
"邢","2","1"
"邵","2","1"
"鄒","2","1"
"酉","2","2"
"酞","2","2"
"醃","2","1"
"醒","2","2"
"釘","2","2"
"釣","2","1"
"鉤","2","1"
"銷","2","2"
"鋸","2","2"
"鑄","2","2"
"鑲","2","1"
"鑼","2","2"
"鑽","2","1"
"閣","2","2"
"闔","2","1"
"闕","2","1"
"闖","2","1"
"闞","2","1"
"闡","2","2"
"阜","2","1"
"阝","2","1"
"阿","2","2"
"陡","2","1"
"陶","2","1"
"隕","2","1"
"霖","2","1"
"霜","2","2"
"霹","2","1"
"靴","2","1"
"鞍","2","2"
"預","2","2"
"頼","2","1"
"顛","2","2"
"颱","2","1"
"飌","2","1"
"飭","2","1"
"餡","2","2"
"餼","2","1"
"饑","2","2"
"馨","2","2"
"馭","2","1"
"馮","2","2"
"驥","2","2"
"驪","2","1"
"鮮","2","2"
"鯨","2","1"
"鴉","2","2"
"鵏","2","1"
"鹹","2","1"
"黔","2","1"
"齋","2","2"
"龐","2","2"
"一七,","1","1"
"丕","1","1"
"丢","1","1"
"丹","1","1"
"举","1","1"
"乂","1","1"
"亅","1","1"
"亙","1","1"
"亞","1","1"
"什","1","1"
"仝","1","1"
"仞","1","1"
"仲","1","1"
"佘","1","1"
"佯","1","1"
"侈","1","1"
"侗","1","1"
"俁","1","1"
"俛","1","1"
"倆","1","1"
"倌","1","1"
"倓","1","1"
"倫","1","1"
"健","1","1"
"傀","1","1"
"傑","1","1"
"傲","1","1"
"僉","1","1"
"僭","1","1"
"億","1","1"
"儕","1","1"
"儱","1","1"
"儺","1","1"
"儼","1","1"
"兌","1","1"
"兕","1","1"
"兮","1","1"
"冏","1","1"
"冕","1","1"
"冤","1","1"
"冰","1","1"
"冶","1","1"
"凋","1","1"
"几","1","1"
"凶","1","1"
"刁","1","1"
"刎","1","1"
"刑","1","1"
"删","1","1"
"刮","1","1"
"剃","1","1"
"剔","1","1"
"劇","1","1"
"劑","1","1"
"劣","1","1"
"勁","1","1"
"勇","1","1"
"勗","1","1"
"勳","1","1"
"匏","1","1"
"匝","1","1"
"匡","1","1"
"卓","1","1"
"卦","1","1"
"叉","1","1"
"叛","1","1"
"叱","1","1"
"吁","1","1"
"吋","1","1"
"吖","1","1"
"吩","1","1"
"吷","1","1"
"呆","1","1"
"呑","1","1"
"呲","1","1"
"呸","1","1"
"咧","1","1"
"咯","1","1"
"哎","1","1"
"哮","1","1"
"哼","1","1"
"唾","1","1"
"啖","1","1"
"啞","1","1"
"喉","1","1"
"喙","1","1"
"喚","1","1"
"嗤","1","1"
"嗨","1","1"
"嗽","1","1"
"嘲","1","1"
"嘻","1","1"
"噠","1","1"
"噤","1","1"
"嚅","1","1"
"嚐","1","1"
"嚮","1","1"
"囉","1","1"
"囤","1","1"
"园","1","1"
"囿","1","1"
"圃","1","1"
"圄","1","1"
"圮","1","1"
"圾","1","1"
"坤","1","1"
"垃","1","1"
"垛","1","1"
"垣","1","1"
"垮","1","1"
"埂","1","1"
"堵","1","1"
"塵","1","1"
"墅","1","1"
"壊","1","1"
"壑","1","1"
"壕","1","1"
"変","1","1"
"夙","1","1"
"夭","1","1"
"奶","1","1"
"妄","1","1"
"妥","1","1"
"姐","1","1"
"姒","1","1"
"姦","1","1"
"婊","1","1"
"嫡","1","1"
"嬉","1","1"
"孒","1","1"
"孩","1","1"
"宙","1","1"
"実","1","1"
"宵","1","1"
"寅","1","1"
"寐","1","1"
"審","1","1"
"寵","1","1"
"専","1","1"
"尉","1","1"
"尙","1","1"
"屐","1","1"
"履","1","1"
"屮","1","1"
"岐","1","1"
"岡","1","1"
"峇","1","1"
"峨","1","1"
"峻","1","1"
"崽","1","1"
"嵎","1","1"
"巑","1","1"
"巖","1","1"
"帚","1","1"
"帛","1","1"
"帥","1","1"
"帳","1","1"
"帷","1","1"
"幘","1","1"
"幣","1","1"
"并","1","1"
"庚","1","1"
"庫","1","1"
"庾","1","1"
"廖","1","1"
"廝","1","1"
"廾","1","1"
"弗","1","1"
"弘","1","1"
"彌","1","1"
"彘","1","1"
"彫","1","1"
"彴","1","1"
"律","1","1"
"忖","1","1"
"忤","1","1"
"忱","1","1"
"恁","1","1"
"恋","1","1"
"恕","1","1"
"恣","1","1"
"恤","1","1"
"恥","1","1"
"恫","1","1"
"悖","1","1"
"悚","1","1"
"惕","1","1"
"惰","1","1"
"惲","1","1"
"惺","1","1"
"愁","1","1"
"愕","1","1"
"愜","1","1"
"愨","1","1"
"慇","1","1"
"慌","1","1"
"慍","1","1"
"慑","1","1"
"慙","1","1"
"慧","1","1"
"慫","1","1"
"慷","1","1"
"慾","1","1"
"憊","1","1"
"憎","1","1"
"憐","1","1"
"懃","1","1"
"懈","1","1"
"懶","1","1"
"懽","1","1"
"戀","1","1"
"戅","1","1"
"戇","1","1"
"戈","1","1"
"戎","1","1"
"扉","1","1"
"扔","1","1"
"扳","1","1"
"抃","1","1"
"抖","1","1"
"拈","1","1"
"拌","1","1"
"拙","1","1"
"拯","1","1"
"拼","1","1"
"挨","1","1"
"捻","1","1"
"掂","1","1"
"掄","1","1"
"掇","1","1"
"掖","1","1"
"掲","1","1"
"揉","1","1"
"揣","1","1"
"揪","1","1"
"搔","1","1"
"搾","1","1"
"摔","1","1"
"摧","1","1"
"摩","1","1"
"摯","1","1"
"摹","1","1"
"撃","1","1"
"撇","1","1"
"撈","1","1"
"撓","1","1"
"撤","1","1"
"擄","1","1"
"擯","1","1"
"擴","1","1"
"攀","1","1"
"攏","1","1"
"攖","1","1"
"攝","1","1"
"攬","1","1"
"敔","1","1"
"敝","1","1"
"敷","1","1"
"斂","1","1"
"斛","1","1"
"旌","1","1"
"旛","1","1"
"无","1","1"
"昇","1","1"
"昊","1","1"
"昋","1","1"
"昏","1","1"
"昷","1","1"
"昺","1","1"
"晃","1","1"
"晤","1","1"
"晦","1","1"
"暝","1","1"
"暢","1","1"
"暮","1","1"
"曙","1","1"
"朴","1","1"
"杉","1","1"
"杖","1","1"
"板","1","1"
"枱","1","1"
"枷","1","1"
"柑","1","1"
"柒","1","1"
"柔","1","1"
"柚","1","1"
"栅","1","1"
"核","1","1"
"桃","1","1"
"梅","1","1"
"梗","1","1"
"梨","1","1"
"棉","1","1"
"棍","1","1"
"棕","1","1"
"棠","1","1"
"森","1","1"
"棹","1","1"
"椅","1","1"
"椰","1","1"
"椽","1","1"
"椿","1","1"
"楠","1","1"
"楫","1","1"
"楳","1","1"
"槨","1","1"
"槱","1","1"
"横","1","1"
"樫","1","1"
"樵","1","1"
"檢","1","1"
"檻","1","1"
"欄","1","1"
"欣","1","1"
"欹","1","1"
"歙","1","1"
"歪","1","1"
"殘","1","1"
"殤","1","1"
"毁","1","1"
"毅","1","1"
"毆","1","1"
"毯","1","1"
"氕","1","1"
"污","1","1"
"汨","1","1"
"汰","1","1"
"汲","1","1"
"汶","1","1"
"沁","1","1"
"沌","1","1"
"沛","1","1"
"泄","1","1"
"泡","1","1"
"洛","1","1"
"洧","1","1"
"洽","1","1"
"浩","1","1"
"涪","1","1"
"涯","1","1"
"涵","1","1"
"淄","1","1"
"淆","1","1"
"淋","1","1"
"淌","1","1"
"淤","1","1"
"渠","1","1"
"渲","1","1"
"渺","1","1"
"渾","1","1"
"湄","1","1"
"湛","1","1"
"湣","1","1"
"湿","1","1"
"溶","1","1"
"滋","1","1"
"滌","1","1"
"滷","1","1"
"滸","1","1"
"漂","1","1"
"漓","1","1"
"漚","1","1"
"潤","1","1"
"潯","1","1"
"潰","1","1"
"澈","1","1"
"澗","1","1"
"澹","1","1"
"激","1","1"
"濕","1","1"
"濠","1","1"
"濤","1","1"
"濩","1","1"
"瀉","1","1"
"瀬","1","1"
"灘","1","1"
"灣","1","1"
"灸","1","1"
"灼","1","1"
"炊","1","1"
"炕","1","1"
"炤","1","1"
"烘","1","1"
"烤","1","1"
"烹","1","1"
"焰","1","1"
"煇","1","1"
"煌","1","1"
"煤","1","1"
"煥","1","1"
"煩","1","1"
"煽","1","1"
"燎","1","1"
"燔","1","1"
"燭","1","1"
"燮","1","1"
"爇","1","1"
"爍","1","1"
"爨","1","1"
"爹","1","1"
"牌","1","1"
"牓","1","1"
"牡","1","1"
"犁","1","1"
"狃","1","1"
"狐","1","1"
"猓","1","1"
"猗","1","1"
"猝","1","1"
"猩","1","1"
"猬","1","1"
"猱","1","1"
"猿","1","1"
"獃","1","1"
"獐","1","1"
"獵","1","1"
"玖","1","1"
"玭","1","1"
"珍","1","1"
"球","1","1"
"琛","1","1"
"瑕","1","1"
"瑤","1","1"
"璡","1","1"
"瓷","1","1"
"申","1","1"
"畀","1","1"
"畜","1","1"
"畦","1","1"
"疆","1","1"
"疲","1","1"
"疼","1","1"
"症","1","1"
"痼","1","1"
"療","1","1"
"癡","1","1"
"癲","1","1"
"皂","1","1"
"皇","1","1"
"盪","1","1"
"盲","1","1"
"眉","1","1"
"眏","1","1"
"眠","1","1"
"睞","1","1"
"睠","1","1"
"睽","1","1"
"瞢","1","1"
"瞬","1","1"
"瞭","1","1"
"瞳","1","1"
"瞼","1","1"
"瞽","1","1"
"矗","1","1"
"矜","1","1"
"矩","1","1"
"矯","1","1"
"砂","1","1"
"砥","1","1"
"砸","1","1"
"硃","1","1"
"硨","1","1"
"碣","1","1"
"碩","1","1"
"磁","1","1"
"磊","1","1"
"磋","1","1"
"磐","1","1"
"磬","1","1"
"磷","1","1"
"礁","1","1"
"礦","1","1"
"礬","1","1"
"祓","1","1"
"祚","1","1"
"禳","1","1"
"禾","1","1"
"秉","1","1"
"租","1","1"
"稅","1","1"
"稔","1","1"
"稟","1","1"
"稠","1","1"
"稷","1","1"
"穆","1","1"
"窈","1","1"
"窘","1","1"
"窥","1","1"
"窯","1","1"
"竢","1","1"
"竣","1","1"
"竽","1","1"
"笙","1","1"
"笛","1","1"
"笨","1","1"
"笮","1","1"
"筊","1","1"
"筐","1","1"
"筒","1","1"
"筵","1","1"
"箋","1","1"
"箍","1","1"
"箕","1","1"
"篝","1","1"
"簣","1","1"
"簧","1","1"
"簪","1","1"
"簷","1","1"
"簿","1","1"
"籐","1","1"
"籙","1","1"
"籲","1","1"
"粘","1","1"
"粲","1","1"
"糈","1","1"
"糊","1","1"
"糸","1","1"
"紈","1","1"
"紐","1","1"
"紫","1","1"
"紹","1","1"
"紿","1","1"
"絃","1","1"
"絶","1","1"
"綑","1","1"
"綜","1","1"
"綴","1","1"
"綸","1","1"
"緒","1","1"
"締","1","1"
"緡","1","1"
"緯","1","1"
"緻","1","1"
"縢","1","1"
"縮","1","1"
"績","1","1"
"繆","1","1"
"繇","1","1"
"織","1","1"
"繕","1","1"
"繭","1","1"
"繶","1","1"
"繹","1","1"
"纜","1","1"
"级","1","1"
"纪","1","1"
"统","1","1"
"继","1","1"
"缢","1","1"
"罄","1","1"
"罕","1","1"
"罟","1","1"
"羈","1","1"
"羶","1","1"
"羹","1","1"
"翅","1","1"
"翎","1","1"
"翔","1","1"
"翦","1","1"
"翩","1","1"
"翳","1","1"
"翼","1","1"
"耀","1","1"
"耆","1","1"
"耐","1","1"
"耒","1","1"
"聿","1","1"
"肺","1","1"
"肼","1","1"
"脛","1","1"
"脯","1","1"
"腈","1","1"
"腋","1","1"
"腎","1","1"
"腫","1","1"
"腿","1","1"
"膊","1","1"
"膚","1","1"
"膠","1","1"
"臆","1","1"
"臊","1","1"
"臬","1","1"
"臼","1","1"
"舁","1","1"
"舅","1","1"
"舖","1","1"
"舗","1","1"
"舢","1","1"
"舶","1","1"
"艨","1","1"
"良","1","1"
"艾","1","1"
"芒","1","1"
"芝","1","1"
"芬","1","1"
"芯","1","1"
"苑","1","1"
"苔","1","1"
"苧","1","1"
"苫","1","1"
"茂","1","1"
"茅","1","1"
"茌","1","1"
"茫","1","1"
"茭","1","1"
"茲","1","1"
"荊","1","1"
"荒","1","1"
"荘","1","1"
"荸","1","1"
"荼","1","1"
"莆","1","1"
"莉","1","1"
"莑","1","1"
"葛","1","1"
"葫","1","1"
"葭","1","1"
"葵","1","1"
"葺","1","1"
"蒲","1","1"
"蓻","1","1"
"蔀","1","1"
"蔓","1","1"
"蔗","1","1"
"蔚","1","1"
"蕨","1","1"
"薀","1","1"
"薏","1","1"
"薑","1","1"
"薔","1","1"
"薪","1","1"
"薯","1","1"
"藩","1","1"
"藻","1","1"
"蘗","1","1"
"虦","1","1"
"虻","1","1"
"蚩","1","1"
"蛄","1","1"
"蛾","1","1"
"蜇","1","1"
"蜓","1","1"
"蜕","1","1"
"蜡","1","1"
"蜩","1","1"
"蜻","1","1"
"螺","1","1"
"蟻","1","1"
"蠟","1","1"
"衒","1","1"
"衽","1","1"
"裘","1","1"
"裨","1","1"
"裱","1","1"
"裴","1","1"
"複","1","1"
"褒","1","1"
"褓","1","1"
"褸","1","1"
"襯","1","1"
"覉","1","1"
"视","1","1"
"訃","1","1"
"訊","1","1"
"訴","1","1"
"訾","1","1"
"詛","1","1"
"詣","1","1"
"詵","1","1"
"詼","1","1"
"誆","1","1"
"誡","1","1"
"誣","1","1"
"諫","1","1"
"諶","1","1"
"諷","1","1"
"諾","1","1"
"謅","1","1"
"謔","1","1"
"謨","1","1"
"譴","1","1"
"讎","1","1"
"讖","1","1"
"讞","1","1"
"讲","1","1"
"课","1","1"
"谁","1","1"
"豉","1","1"
"貝","1","1"
"貞","1","1"
"貸","1","1"
"貽","1","1"
"貿","1","1"
"賒","1","1"
"賬","1","1"
"賻","1","1"
"贐","1","1"
"赢","1","1"
"赦","1","1"
"超","1","1"
"趣","1","1"
"跤","1","1"
"踐","1","1"
"踞","1","1"
"蹌","1","1"
"蹕","1","1"
"蹤","1","1"
"蹬","1","1"
"蹲","1","1"
"躋","1","1"
"躐","1","1"
"躪","1","1"
"躱","1","1"
"輜","1","1"
"輝","1","1"
"輾","1","1"
"轡","1","1"
"辮","1","1"
"辯","1","1"
"辶","1","1"
"迅","1","1"
"迆","1","1"
"远","1","1"
"迢","1","1"
"迪","1","1"
"迷","1","1"
"迸","1","1"
"迹","1","1"
"迺","1","1"
"适","1","1"
"逅","1","1"
"逛","1","1"
"遁","1","1"
"遗","1","1"
"遮","1","1"
"邁","1","1"
"郄","1","1"
"郎","1","1"
"郗","1","1"
"郝","1","1"
"郾","1","1"
"鄂","1","1"
"鄙","1","1"
"鄲","1","1"
"酶","1","1"
"酸","1","1"
"酹","1","1"
"醇","1","1"
"醉","1","1"
"醋","1","1"
"醵","1","1"
"釐","1","1"
"釹","1","1"
"鈗","1","1"
"鈫","1","1"
"銘","1","1"
"銩","1","1"
"鋪","1","1"
"錀","1","1"
"錠","1","1"
"錦","1","1"
"鍛","1","1"
"鎗","1","1"
"鏖","1","1"
"鏹","1","1"
"鐐","1","1"
"閟","1","1"
"閬","1","1"
"閻","1","1"
"閽","1","1"
"閾","1","1"
"闃","1","1"
"闊","1","1"
"阅","1","1"
"阮","1","1"
"阱","1","1"
"陋","1","1"
"陝","1","1"
"陲","1","1"
"障","1","1"
"隴","1","1"
"雅","1","1"
"雉","1","1"
"雋","1","1"
"雛","1","1"
"霆","1","1"
"霸","1","1"
"霽","1","1"
"靄","1","1"
"靡","1","1"
"靨","1","1"
"革","1","1"
"靺","1","1"
"鞠","1","1"
"韭","1","1"
"韶","1","1"
"頑","1","1"
"頰","1","1"
"頽","1","1"
"顫","1","1"
"飆","1","1"
"餞","1","1"
"饁","1","1"
"饋","1","1"
"饎","1","1"
"饒","1","1"
"馴","1","1"
"駭","1","1"
"騁","1","1"
"騾","1","1"
"髪","1","1"
"鬆","1","1"
"鬍","1","1"
"鬨","1","1"
"魄","1","1"
"魅","1","1"
"魍","1","1"
"魎","1","1"
"魑","1","1"
"魟","1","1"
"魯","1","1"
"魴","1","1"
"魻","1","1"
"鮸","1","1"
"鯁","1","1"
"鯡","1","1"
"鰊","1","1"
"鰌","1","1"
"鱗","1","1"
"鳯","1","1"
"鴆","1","1"
"鴻","1","1"
"鵠","1","1"
"鵬","1","1"
"鷺","1","1"
"鸚","1","1"
"鸞","1","1"
"麈","1","1"
"麗","1","1"
"麝","1","1"
"麟","1","1"
"麪","1","1"
"麿","1","1"
"默","1","1"
"黠","1","1"
"鼠","1","1"
"鼻","1","1"
"龎","1","1"
"龔","1","1"
"龣","1","1"
"𧲂","1","1"
